Index,Source,Author,Title,Description,Content,Headline Sentiment,Offense Rating,Negative Words,Offensive Words,Tags
1,"{'id': None, 'name': 'Lifehacker.com'}",Jake Peterson,This YouTube Video Could Crash Your Pixel,"Smartphones these days are powerful. Some can take 8K video, while others rival the speed and performance of desktop computers. However, all that advanced computational power is no match for the formidable force of...a single YouTube video—at least on the Goo…","Smartphones these days are powerful. Some can take 8K video, while others rival the speed and performance of desktop computers. However, all that advanced computational power is no match for the form… [+2077 chars]",Very Negative,200,['rival'],[],[]
2,"{'id': None, 'name': 'Lifehacker.com'}",Daniel Oropeza,You Can Get a Lifetime Subscription to Scrivener for $30 Right Now,"Scrivener 3 is giving their lifetime subscription for 50% off until March 2—both Mac and Windows user can get the program for $30. If you haven’t heard of Scrivener before, it’s a popular writing software that makes writing a lot more structured and easy to o…","Scrivener 3 is giving their lifetime subscription for 50% off until March 2both Mac and Windows user can get the program for $30. If you havent heard of Scrivener before, its a popular writing softwa… [+1541 chars]",Very Positive,0,[],[],"['Windows', 'Scrivener']"
3,"{'id': 'engadget', 'name': 'Engadget'}",Mariella Moon,Google Glass is set to disappear (again),"Google will no longer sell its Glass AR smart glasses for enterprise starting on March 15th, and it will only support the device until September 15th this year. The tech giant has posted those details with a notice that says ""Thank you for over a decade of in…","Google will no longer sell its Glass AR smart glasses for enterprise starting on March 15th, and it will only support the device until September 15th this year. The tech giant has posted those detail… [+1894 chars]",Negative,90,[],[],"['Google', 'AR', 'Glass', 'smart']"
4,"{'id': 'engadget', 'name': 'Engadget'}",Igor Bonifacic,Google Pixel 7 phones are cheaper than ever right now,"If you’re in the market for a new Android phone, now is a good time to pick up one of the best at a significant discount. Google has reduced the price of the entire Pixel family, including the flagship 7 Pro. On both Amazon and the Google Store, you can get t…","All products recommended by Engadget are selected by our editorial team, independent of our parent company. Some of our stories include affiliate links. If you buy something through one of these link… [+2044 chars]",Very Positive,0,[],[],"['Store', 'the', 'Android', 'Google', 'Amazon', 'Pixel']"
5,"{'id': 'engadget', 'name': 'Engadget'}",Kris Holt,Google One's VPN will soon be available to all subscribers,"Google One
 is expanding its security features. First, Google
 is making its virtual private network (VPN) available to all subscribers at no extra cost. A VPN for Google One members was first introduced in October 2020
, but only for those on plans with a…","Google One
 is expanding its security features. First, Google
 is making its virtual private network (VPN) available to all subscribers at no extra cost. A VPN for Google One members was first intr… [+2120 chars]",Very Positive,0,[],[],"['Google', 'One', 'First']"
6,"{'id': 'engadget', 'name': 'Engadget'}",Kris Holt,Magic Eraser is coming to older Pixel phones and Google One starting today,"Google
 is bringing photo features that were once exclusive to recent Pixel phones
 to more devices. Magic Eraser
, a tool that can easily remove unwanted people or objects from an image, debuted in 2021 on the Pixel 6
. It also has a feature called camou…","Google is bringing photo features that were once exclusive to recent Pixel phones to more devices. Magic Eraser, a tool that can easily remove unwanted people or objects from an image, debuted in 202… [+1271 chars]",Very Positive,10,['unwanted'],[],"['Google', 'Pixel']"
7,"{'id': 'engadget', 'name': 'Engadget'}",Mariella Moon,Google workers in Japan have joined a labor union in response to planned layoffs,"Dozens of Google Japan employees have organized under the Tokyo Managers' Union. It's the first labor union at Google Japan, according to Meiji University Assistant Professor Ken Yamazaki, who also posted a copy of the group's statements from a press conferen…","Dozens of Google Japan employees have organized under the Tokyo Managers' Union. It's the first labor union at Google Japan, according to Meiji University Assistant Professor Ken Yamazaki, who also p… [+1936 chars]",Very Negative,190,[],[],"['Union', 'Japan', 'Meiji', 'the', 'Ken', 'University', 'Yamazaki', 'Google', 'Tokyo', 'Managers']"
8,"{'id': 'engadget', 'name': 'Engadget'}",Jon Fingas,Google TV's new family page helps you find kid-friendly content,"Google TV may now be easier to use when you're sitting down to watch shows with your kids. Google is adding four new pages to the interface that include a Family section, where you'll find suggested content rated PG or lower. While this isn't a completely nov…","Google TV may now be easier to use when you're sitting down to watch shows with your kids. Google is adding four new pages to the interface that include a Family section, where you'll find suggested … [+1153 chars]",Very Positive,0,[],[],"['Google', 'TV', 'PG']"
9,"{'id': 'engadget', 'name': 'Engadget'}",Andrew Tarantola,"Google is shoving generative AI into Gmail, Docs, Sheets, Meet, Chat and Slides","Google has been scrambling to catch up to to OpenAI for months, ever since the latter dropped its conversational bot, ChatGPT, and took the generative AI industry by storm. Google's first attempted response with the release of its Bard AI (which immediately m…","Google has been scrambling to catch up to to OpenAI for months, ever since the latter dropped its conversational bot, ChatGPT, and took the generative AI industry by storm. Google's first attempted r… [+1888 chars]",Very Positive,10,['scrambling'],[],"['Google', 'OpenAI', 'Bard', 'AI']"
10,"{'id': 'engadget', 'name': 'Engadget'}",Igor Bonifacic,Disney wants Google and Reddit to identify 'Ant-Man and the Wasp: Quantumania' leakers,"At the start of the year, someone on the Marvel Studios Spoilers subreddit, a community dedicated to upcoming Marvel productions, posted the mother of all MCU leaks. A month before the release of Ant-Man and the Wasp: Quantumania
, a user named MSSmods share…","At the start of the year, someone on the Marvel Studios Spoilers subreddit, a community dedicated to upcoming Marvel productions, posted the mother of all MCU leaks. A month before the release of Ant… [+1654 chars]",Very Negative,200,['leaks'],[],"['Studios', 'AntMan', 'MSSmods', 'Spoilers', 'the', 'Marvel']"
11,"{'id': 'engadget', 'name': 'Engadget'}",Kris Holt,Google's Workspace apps are getting an updated look,"Google
 is bringing some new features to its Workspace
 apps in the coming weeks, including a fresh lick of paint. The company is updating the look and feel of Drive, Docs, Sheets, Slides and Chat in the coming weeks, drawing from its Material Design 3 lang…","Google
 is bringing some new features to its Workspace
 apps in the coming weeks, including a fresh lick of paint. The company is updating the look and feel of Drive, Docs, Sheets, Slides and Chat … [+1682 chars]",Very Positive,0,[],[],"['Drive', 'Slides', 'Design', 'Material', 'Google', 'Sheets', 'Docs']"
12,"{'id': 'engadget', 'name': 'Engadget'}",Will Shanklin,Google’s Pixel Watch gets Fall Detection starting today,"Google announced that it’s rolling out Pixel Watch fall detection starting today. Like the Apple Watch feature of the same name launched in 2018, Google’s version also uses motion sensors and algorithms to determine if you’ve fallen and need help. However, Go…","Google announced that its rolling out Pixel Watch fall detection starting today. Like the Apple Watch feature of the same name launched in 2018, Googles version also uses motion sensors and algorithm… [+1878 chars]",Very Negative,210,"['fall', 'fallen']",[],"['Googles', 'Apple', 'Google', 'Watch', 'Pixel']"
13,"{'id': 'engadget', 'name': 'Engadget'}",Will Shanklin,Google’s latest feature drop brings faster Night Sight photos to the Pixel 6,"Google is launching another feature drop for Pixel phones and the Pixel Watch. The updates include faster nighttime photography and the broader availability of Magic Eraser, Health Connect and Direct My Call+.Night Sight, Google’s low-lit photography feature,…","Google is launching another feature drop for Pixel phones and the Pixel Watch. The updates include faster nighttime photography and the broader availability of Magic Eraser, Health Connect and Direct… [+1270 chars]",Very Positive,0,[],[],"['and', 'Connect', 'My', 'Eraser', 'the', 'Call', 'Health', 'Magic', 'Direct', 'Google', 'Watch', 'Pixel']"
14,"{'id': 'engadget', 'name': 'Engadget'}",Mat Smith,The Morning After:‘ Ant-Man and the Wasp: Quantumania’ and problem with too much VFX,"It’s time for more Marvel Cinematic Universe, more special effects, more families in danger and more sinister baddies, with a bigger role for Kang the Conqueror – the big cross-movie threat, a la Thanos – played by Jonathan Majors. Alas, Ant-Man and the Wasp:…","Its time for more Marvel Cinematic Universe, more special effects, more families in danger and more sinister baddies, with a bigger role for Kang the Conqueror the big cross-movie threat, a la Thanos… [+3299 chars]",Negative,170,"['threat', 'sinister', 'danger']",['bigger'],"['AntMan', 'Thanos', 'Jonathan', 'Cinematic', 'Kang', 'Majors', 'Alas', 'Marvel']"
15,"{'id': 'engadget', 'name': 'Engadget'}",Jon Fingas,Microsoft 365 'Copilot' uses AI to automate everyday tasks in multiple apps,"Microsoft is using artificial intelligence to help eliminate drudgery at the workplace. At its ""Future of Work"" event, the company has revealed an AI-powered Microsoft 365 Copilot that, as suggested by leaks, can create content in Office apps using text reque…","Microsoft is using artificial intelligence to help eliminate drudgery at the workplace. At its ""Future of Work"" event, the company has revealed an AI-powered Microsoft 365 Copilot that, as suggested … [+2444 chars]",Very Positive,60,['leaks'],[],['Microsoft']
16,"{'id': 'engadget', 'name': 'Engadget'}",Devindra Hardawar,Engadget Podcast: Why did Silicon Valley Bank fail so hard?,"The downfall of Silicon Valley bank affects the entire technology industry. This week, we chat with Alex Wilhelm, editor in chief at TechCrunch+, about why SVB failed and what it means for the broader ecosystem. Where were the regulations? And why were VCs so…","The downfall of Silicon Valley bank affects the entire technology industry. This week, we chat with Alex Wilhelm, editor in chief at TechCrunch+, about why SVB failed and what it means for the broade… [+1721 chars]",Very Negative,260,"['downfall', 'failed']",['failed'],"['TechCrunch', 'Alex', 'Wilhelm']"
17,"{'id': 'engadget', 'name': 'Engadget'}",Mat Smith,The Morning After: Welcome to the exciting world of ‘Pokémon Sleep’,"Almost four years after it was announced
, Pokémon Sleep, a mobile game that tracks your sleep, is finally on the way. According to yesterday's Pokémon Presents event
, it’ll arrive sometime this summer, after it was meant to debut in 2020. It features Snor…","Almost four years after it was announced
, Pokémon Sleep, a mobile game that tracks your sleep, is finally on the way. According to yesterday's Pokémon Presents event
, itll arrive sometime this su… [+3653 chars]",Very Positive,0,[],[],"['Sleep', 'Pokmon', 'Snor', 'Presents']"
18,"{'id': 'engadget', 'name': 'Engadget'}",Jeff Dunn,Amazon's Echo Show 8 drops back to $75,"Amazon's Echo Show 8 is our pick for the best smart display for Alexa users, and it's now on sale for $75 at various retailers. While we've seen this deal before, it's still about $20 below the 8-inch display's typical street price and $55 off Amazon's list p…","All products recommended by Engadget are selected by our editorial team, independent of our parent company. Some of our stories include affiliate links. If you buy something through one of these link… [+2150 chars]",Very Negative,190,[],[],['Alexa']
19,"{'id': 'engadget', 'name': 'Engadget'}",Jon Fingas,"Meta is working on 'AI personas' for Instagram, Messenger and WhatsApp","Meta is joining Google, Microsoft and other big names in throwing its weight behind ChatGPT-style AI. Mark Zuckerberg has revealed that his company plans to develop ""AI personas"" in the long term. It's currently investigating helpers for multiple media format…","Meta is joining Google, Microsoft and other big names in throwing its weight behind ChatGPT-style AI. Mark Zuckerberg has revealed that his company plans to develop ""AI personas"" in the long term. It… [+1538 chars]",Positive,20,[],[],"['Microsoft', 'Zuckerberg', 'Mark', 'AI', 'Google', 'Meta', 'ChatGPTstyle']"
20,"{'id': 'engadget', 'name': 'Engadget'}",Jon Fingas,Google's Pixel 8 may look like a rounded Pixel 7,"Google hasn't even announced the Pixel 7a, but that isn't stopping leakers from claiming to know something about the Pixel 8 series. OnLeaks and Smartprix have shared what they say are renders of the Pixel 8 Pro design. At first glance, it appears to be a sub…","Google hasn't even announced the Pixel 7a, but that isn't stopping leakers from claiming to know something about the Pixel 8 series. OnLeaks and Smartprix have shared what they say are renders of the… [+1449 chars]",Neutral,20,[],[],"['Google', 'claiming', 'Smartprix', 'Pixel']"
21,"{'id': 'engadget', 'name': 'Engadget'}",Igor Bonifacic,Niantic’s Tamagotchi-like ‘Peridot’ arrives on May 9th,"Peridot, the next game from Pokémon Go developer Niantic, will arrive on May 9th, the studio announced today
. First revealed last spring, Peridot is the first original release from Niantic since it relaunched 
Ingress
 in 2018
. Gameplay involves players…","Peridot, the next game from Pokémon Go developer Niantic, will arrive on May 9th, the studio announced today
. First revealed last spring, Peridot is the first original release from Niantic since it… [+920 chars]",Very Negative,190,[],[],"['Pokmon', 'Peridot', 'Niantic', 'Go']"
22,"{'id': 'engadget', 'name': 'Engadget'}",Andrew Tarantola,Microsoft confirms Bing runs on the new GPT-4 model,"When Microsoft and OpenAI announced their renewed partnership in January, the two companies also revealed that Bing search would soon boast AI-enhanced lookup capabilities. Little did we know at the time, that Bing search has been powered for the past five we…","When Microsoft and OpenAI announced their renewed partnership in January, the two companies also revealed that Bing search would soon boast AI-enhanced lookup capabilities. Little did we know at the … [+952 chars]",Very Positive,20,[],[],"['Microsoft', 'OpenAI', 'AIenhanced', 'Bing']"
23,"{'id': 'engadget', 'name': 'Engadget'}",Will Shanklin,Movies Anywhere will soon shut down its Screen Pass content-sharing feature,"Movies Anywhere announced Wednesday that it’s soon shutting down Screen Pass, its movie-sharing feature launched during COVID-19 lockdowns. The Disney-owned platform didn’t provide a reason for the closure.“As the experience continues to evolve, we want to no…","Movies Anywhere announced Wednesday that its soon shutting down Screen Pass, its movie-sharing feature launched during COVID-19 lockdowns. The Disney-owned platform didnt provide a reason for the clo… [+1117 chars]",Very Negative,190,[],[],"['Screen', 'Movies', 'Pass', 'Anywhere']"
24,"{'id': 'engadget', 'name': 'Engadget'}",Jeff Dunn,Amazon tablet sale brings the Fire HD 8 down to $60,"Amazon has kicked off another round of discounts for its Fire tablet lineup, with both standard and Kids models on sale. The highlight of the bunch is a deal that brings the latest Fire HD 8 down to $60. That's $5 more than the all-time low we saw over the ho…","Amazon has kicked off another round of discounts for its Fire tablet lineup, with both standard and Kids models on sale. The highlight of the bunch is a deal that brings the latest Fire HD 8 down to … [+2425 chars]",Very Negative,340,[],"['Fire', 'ho']","['Kids', 'Amazon']"
25,"{'id': 'engadget', 'name': 'Engadget'}",Jon Fingas,Microsoft is holding a 'future of work' AI event on March 16th,"Now that Microsoft has outlined how AI will reshape Bing search, it's ready to detail how the technology will influence your workplace. The company is holding a ""Future of Work with AI"" event on March 16th at 11AM Eastern. While Microsoft isn't saying much ab…","Now that Microsoft has outlined how AI will reshape Bing search, it's ready to detail how the technology will influence your workplace. The company is holding a ""Future of Work with AI"" event on Marc… [+1707 chars]",Very Positive,50,[],[],"['Microsoft', 'Eastern', 'of', 'Work', 'Future', 'Bing', 'AI', 'a']"
26,"{'id': 'engadget', 'name': 'Engadget'}",Devindra Hardawar,NVIDIA's big AI moment is here,"When NVIDIA's founder and CEO Jensen Huang waxed poetic about artificial intelligence in the past, it mostly felt like marketing bluster, the sort of lofty rhetoric we've come to expect from an executive with a never-ending supply of leather jackets. But this…","When NVIDIA's founder and CEO Jensen Huang waxed poetic about artificial intelligence in the past, it mostly felt like marketing bluster, the sort of lofty rhetoric we've come to expect from an execu… [+1868 chars]",Very Positive,10,['rhetoric'],[],"['Huang', 'Jensen']"
27,"{'id': 'engadget', 'name': 'Engadget'}",Igor Bonifacic,Xbox head says Microsoft's mobile game store could arrive next year,"Microsoft is preparing to launch an Xbox store on iOS and Android as early as next year, according to Phil Spencer. The head of the company’s gaming division shared the timeline in a Financial Times
 interview published on Monday, noting the plan is dependen…","Microsoft is preparing to launch an Xbox store on iOS and Android as early as next year, according to Phil Spencer. The head of the companys gaming division shared the timeline in a Financial Times
… [+1859 chars]",Very Negative,220,[],[],"['Phil', 'Microsoft', 'Financial', 'Spencer', 'Times', 'Android']"
28,"{'id': 'engadget', 'name': 'Engadget'}",Billy Steele,How to stream every game of March Madness 2023,The selection committees have made their picks and the brackets are set. Another installment of arguably the best sports weekend of the year is about to tip off. March Madness or the NCAA basketball tournaments begin today with two First Four games on the men…,The selection committees have made their picks and the brackets are set. Another installment of arguably the best sports weekend of the year is about to tip off. March Madness or the NCAA basketball … [+7012 chars],Very Positive,10,['Madness'],[],"['Madness', 'NCAA']"
29,"{'id': 'engadget', 'name': 'Engadget'}",Cherlynn Low,"The most interesting foldables, rollables and demos at MWC 2023","Of all the news trickling out of Mobile World Congress this year, the most interesting products were either foldables or rollables. It’s a showcase of a lot of eye-catching phones and devices that often don’t make it to America, but that doesn’t mean we can’t…","Of all the news trickling out of Mobile World Congress this year, the most interesting products were either foldables or rollables. Its a showcase of a lot of eye-catching phones and devices that oft… [+6141 chars]",Very Positive,0,[],[],"['Congress', 'Mobile', 'World', 'America']"
30,"{'id': 'engadget', 'name': 'Engadget'}",Richard Lai,The Xiaomi 13 Pro with Leica cameras is coming to Europe,"It's been a long time coming, but Xiaomi is finally bringing its Leica-endorsed smartphones to the international market. Following their China launch back in December, the Xiaomi 13 and 13 Pro are going global at MWC, with Germany, France, Spain and Italy bei…","It's been a long time coming, but Xiaomi is finally bringing its Leica-endorsed smartphones to the international market. Following their China launch back in December, the Xiaomi 13 and 13 Pro are go… [+2735 chars]",Very Positive,0,[],[],"['Xiaomi', 'MWC', 'Germany', 'France', 'Italy', 'Spain', 'China']"
31,"{'id': 'engadget', 'name': 'Engadget'}",Mat Smith,"The Morning After: Meta lays off an additional 10,000 workers","Meta has announced another expansive round of layoffs to cut costs. CEO Mark Zuckerberg says the company is letting go of another 10,000 workers and closing ""around 5,000 additional open roles that we haven’t yet hired."" This follows layoffs of around 11,000 …","Meta has announced another expansive round of layoffs to cut costs. CEO Mark Zuckerberg says the company is letting go of another 10,000 workers and closing ""around 5,000 additional open roles that w… [+3664 chars]",Very Negative,190,[],[],"['Meta', 'Mark', 'Zuckerberg']"
32,"{'id': 'engadget', 'name': 'Engadget'}",Jeff Dunn,"Nintendo discounts popular Switch games for Mario Day, plus the rest of the week's best tech deals","For the past few years, Nintendo has celebrated March 10 as Mario Day, a celebration of the company's beloved hero, plumber, kart racer, boxing ref, doctor and lead mascot. (Mar10 = Mario, you see.) This is mostly just a clever marketing campaign, but for tho…","All products recommended by Engadget are selected by our editorial team, independent of our parent company. Some of our stories include affiliate links. If you buy something through one of these link… [+8930 chars]",Very Positive,0,[],[],"['Mario', 'kart', 'Nintendo', 'ref']"
33,"{'id': 'engadget', 'name': 'Engadget'}",Katie Malone,Twitter’s 2FA paywall is a good opportunity to upgrade your security practices,"Twitter announced plans to pull a popular method of two-factor authentication for non-paying customers last week. Not only could this make your account more vulnerable to attack, but it may even undermine the platform’s security as a whole and set a dangerous…","Twitter announced plans to pull a popular method of two-factor authentication for non-paying customers last week. Not only could this make your account more vulnerable to attack, but it may even unde… [+3795 chars]",Positive,80,"['vulnerable', 'undermine', 'dangerous', 'attack']",['attack'],[]
34,"{'id': 'engadget', 'name': 'Engadget'}",Amy Skorheim,"The Apple Watch SE drops to its lowest price yet, plus the rest of the week's best tech deals","It's Friday, which means today we put together the best deals in tech we saw this week. It's also St. Patrick's day and we could make a dumb joke about ""saving some green"" — but we won't. Instead, we'll just note that the Apple Watch SE dropped to its lowest …","All products recommended by Engadget are selected by our editorial team, independent of our parent company. Some of our stories include affiliate links. If you buy something through one of these link… [+11434 chars]",Very Positive,60,"['dumb', 'joke']",['dumb'],"['the', 'St.', 'Patricks', 'Apple', 'Watch']"
35,"{'id': 'engadget', 'name': 'Engadget'}",Cherlynn Low,Engadget Podcast: The most interesting things from Mobile World Congress 2023,"This week, our hosts are joined by UK Bureau Chief Mat Smith to dive into the most interesting devices that were announced at Mobile World Congress, which has been happening this week in Barcelona. Are foldables getting more interesting, or are they going to …","This week, our hosts are joined by UK Bureau Chief Mat Smith to dive into the most interesting devices that were announced at Mobile World Congress, which has been happening this week in Barcelona. A… [+1340 chars]",Very Positive,90,[],"['dive', 'UK']","['Smith', 'Mat', 'UK', 'World', 'Mobile', 'Congress', 'Barcelona']"
36,"{'id': 'engadget', 'name': 'Engadget'}",Cherlynn Low,Samsung Galaxy S23+ review: A solid phone that’s probably not worth the upgrade,"Despite what companies would like you to believe, you don’t need to get a new phone every year or two. So while Samsung’s 2023 lineup of its Galaxy S flagship phones may seem underwhelming when compared to the last generation, it’s not a bad thing that these …","Despite what companies would like you to believe, you dont need to get a new phone every year or two. So while Samsungs 2023 lineup of its Galaxy S flagship phones may seem underwhelming when compare… [+8880 chars]",Neutral,10,['bad'],[],"['S', 'Galaxy']"
37,"{'id': 'engadget', 'name': 'Engadget'}",Jeff Dunn,"Samsung's Galaxy Watch 5 hits a new low of $220, plus the rest of the week's best tech deals","It's a bit of a slow week for tech deals, but we've still found a handful of good prices on gadgets and gear we like. For instance, Samsung's Galaxy Watch 5, our preferred smartwatch for Android users, is down to a new low of $220, while Apple's iPad Air is $…","It's a bit of a slow week for tech deals, but we've still found a handful of good prices on gadgets and gear we like. For instance, Samsung's Galaxy Watch 5, our preferred smartwatch for Android user… [+7127 chars]",Very Positive,10,['slow'],[],"['iPad', 'Air', 'Android']"
38,"{'id': 'engadget', 'name': 'Engadget'}",Sam Rutherford,Razer Edge review: A new breed of gaming handheld,"Thanks to the latest wave of handheld PCs like the Steam Deck
 and the Ayaneo 2
, taking your games on the go has never been easier. That said, those devices are far from pocketable. But with the rise of cloud gaming, there's a newer breed of mobile machine…","Thanks to the latest wave of handheld PCs like the Steam Deck
 and the Ayaneo 2
, taking your games on the go has never been easier. That said, those devices are far from pocketable. But with the r… [+13255 chars]",Very Positive,10,['cloud'],[],"['Deck', 'the', 'Steam']"
39,"{'id': 'engadget', 'name': 'Engadget'}",Daniel Cooper,The Morning After: Messenger is coming home to Facebook,"Over the last decade, Meta has done all it can to establish each part of its business as a separate but equal contributor to its bottom line. After all, that’s why part of Facebook’s brand identity is little icons denoting Messenger, Instagram, WhatsApp and O…","Over the last decade, Meta has done all it can to establish each part of its business as a separate but equal contributor to its bottom line. After all, thats why part of Facebooks brand identity is … [+2843 chars]",Very Negative,190,[],[],"['WhatsApp', 'Facebooks', 'Instagram', 'Meta', 'Messenger']"
40,"{'id': 'engadget', 'name': 'Engadget'}",Jeff Dunn,How to organize all of your tabs on Chrome and other browsers,"We’ve all been there. Maybe you were neck-deep in a work project, or you hopped too far down a Wikipedia rabbit hole, but at a certain point you looked up and realized you were drowning in a mess of browser tabs, with no clear way to put them all in order.Tha…","All products recommended by Engadget are selected by our editorial team, independent of our parent company. Some of our stories include affiliate links. If you buy something through one of these link… [+15297 chars]",Very Positive,60,"['drowning', 'mess']",['hole'],['Wikipedia']
41,"{'id': 'engadget', 'name': 'Engadget'}",Amy Skorheim,The best live TV streaming services in 2023,"Streaming promised us a world without cable contracts and the satisfaction of only paying for what we actually wanted to watch. But at what cost? Cutting the cord typically means you don’t get to watch local channels, live sports or certain “cable only” netwo…","All products recommended by Engadget are selected by our editorial team, independent of our parent company. Some of our stories include affiliate links. If you buy something through one of these link… [+23817 chars]",Very Positive,0,[],[],[]
42,"{'id': 'wired', 'name': 'Wired'}",Lauren Goode,Silicon Valley Has a FOMO Problem,"Plus: Uber makes it easier to get picked up at the airport, Google adds new bio-authentication features to Android, and a herd of goats gets gone.","Good artists borrow, great artists steal feature ideas from the app du jour.
That might as well be the collective mantra of consumer tech companies, some of which have a well documented copycat habi… [+5609 chars]",Negative,90,[],[],"['Google', 'Android']"
43,"{'id': 'wired', 'name': 'Wired'}",Amanda Hoover,Tech Layoffs in 2023 Are Feeding a New Startup Surge,"Hundreds of thousands of workers lost jobs at Google, Meta, and other giants in recent months. Some are deciding to build their own companies.","Henry Kirk always thought he would eventually leave his job as an engineering manager at Google and start his own company. But when he became one of the 12,000 employees let go by the tech giant in J… [+3460 chars]",Very Positive,10,['lost'],[],"['Google', 'Meta']"
44,"{'id': 'wired', 'name': 'Wired'}",WIRED Staff,We Really Recommend This Podcast Episode,"This week, we talk about the recommendation engines on platforms like YouTube and Spotify, and how a pair of US Supreme Court cases is putting them under renewed scrutiny.","The modern internet is powered by recommendation algorithms. They're everywhere from Facebook to YouTube, from search engines to shopping websites. These systems track your online consumption and use… [+2110 chars]",Very Positive,20,[],[],"['Spotify', 'Court', 'US', 'YouTube', 'Supreme']"
45,"{'id': 'wired', 'name': 'Wired'}",David Nield,How to Set a Custom Ringtone Once and for All,You can use whatever sound you want for when your phone rings—but phones make it hard. Here’s how to get around it.,"Unless you set your phone to silent most of the time (and honestly, who doesn't), you're going to be hearing your ringtone a lot, so it makes sense to choose one you like to listen to. 
Your phone w… [+1544 chars]",Very Positive,10,['hard'],[],[]
46,"{'id': 'wired', 'name': 'Wired'}",Scott Gilbertson,"14 Best Deals: Apple iPads, Laptops, and Outdoor Gear","Whether you’re looking for new tech to get through long cool nights, or planning a spring camping trip, there are plenty of discounts that can help.","Depending on where you live, it's either starting to look a little like spring or still totally socked in winter. Damn that groundhog. Either way, we have some deals for you. Those of you stuck in th… [+5960 chars]",Very Positive,0,[],[],[]
47,"{'id': 'wired', 'name': 'Wired'}","Vittoria Elliott, Dell Cameron",The US Supreme Court Doesn’t Understand the Internet,A case before the court is challenging social media platforms’ legal protections. The outcome could be huge for the future of the web.,"Recent laws in both Texas and Florida have sought to impose greater restrictions on the way platforms can and cannot police content.
Gonzalez v. Google takes a different track, focusing on platforms… [+2657 chars]",Very Negative,290,['challenging'],[],"['case', 'legal', 'court']"
48,"{'id': 'wired', 'name': 'Wired'}",Matt Jancer,Insta360 Link Review: The Rolls-Royce of USB Webcams,"This motorized camera can’t take its eye off you. But when you look this good onscreen, can you blame it?","When I'm testing a webcam, I often play with the lighting in the room, both ambient and artificial. I do my best to throw off the autofocus and white balance to see how the webcam adjusts and respond… [+3184 chars]",Very Positive,10,['blame'],[],[]
49,"{'id': 'wired', 'name': 'Wired'}",Sheon Han,The Case for Software Criticism,Software may be the defining cultural artifact of our time. So why isn’t there a culture of critical analysis around it?,"Heres a quick typology of tech journalism today: news reporting (Amazon announces layoffs affecting 18,000 employees), gadget reviews, company and founder profiles, opinion essays (Zeynep Tufecki et … [+3143 chars]",Positive,10,['critical'],[],[]
50,"{'id': 'wired', 'name': 'Wired'}",Megan Farokhmanesh,Netflix Games Is Still Happening. Just Don’t Hold Your Breath,The streaming giant gave an update on upcoming releases and why it’s (ahem) playing the long game.,"Netflix Games wants to cater to every kind of player. Not only that, says head of external games Leanne Loombe, it wants to be a publisher that developers from all around the world want to work with.… [+3049 chars]",Negative,90,[],[],[]
51,"{'id': 'wired', 'name': 'Wired'}",Fiona Lowenstein,It’s Fine to Never Meet IRL,"As high-risk individuals are marginalized from a society eager to ignore pandemic harms, tech companies must do more to expand accessible virtual spaces.","You still havent met?
My cheeks flush at the question, and I feel a combination of frustration and shame not dissimilar to when someone questions why Im still masking, avoiding indoor gatherings, an… [+3448 chars]",Neutral,20,"['ignore', 'harms']",[],[]
52,"{'id': 'wired', 'name': 'Wired'}",Morgan Meaker,Silicon Valley Bank’s Failure Deals a Blow to Europe’s Startups,"The US lender filled a niche for European tech companies that no one else could, or would.",Silicon Valley Bank's struggles started with a bad bet on long-dated US bonds. Rising interest rates meant that the value of those bonds fell. As depositors started to worry about the bank's balance … [+3167 chars],Very Negative,240,[],['European'],['US']
53,"{'id': 'wired', 'name': 'Wired'}",Will Bedingfield,"Musicians, Machines, and the AI-Powered Future of Sound",Fears that computers could replace composers are real. But some music-makers are finding ways to harness generative AI creatively.,"Musicians have also reacted to the general unease generated by ChatGPT and Bings AI chatbot. Bogdan Raczynski, reading transcripts of the chatbots viral discussions with humans, says over email that … [+3082 chars]",Very Positive,10,['Fears'],[],['AI']
54,"{'id': 'wired', 'name': 'Wired'}",Morgan Meaker,WhatsApp Has Started a Fight With the UK About Encryption,The head of the messaging app says a new law will undermine privacy. The government says it’s about protecting children.,"Nobodys defending CSAM, says Barbora Bukovská, senior director for law and policy at  Article 19, a digital rights group. But the bill has the chance to violate privacy and legislate wild surveillanc… [+2835 chars]",Very Negative,230,['undermine'],[],['law']
55,"{'id': 'wired', 'name': 'Wired'}","Hany Farid, Brandie M. Nonnecke",The Case for Regulating Platform Design,Focusing on Section 230 protection for user-generated content is detracting from the real threat: apps’ negligent design choices.,"In the summer of 2017, three Wisconsin teenagers were killed in a high-speed car crash. At the time of the collision, the boys were recording their speed using Snapchat's Speed Filter123 miles per ho… [+5734 chars]",Positive,20,"['threat', 'negligent', 'detracting']",[],[]
56,"{'id': 'the-verge', 'name': 'The Verge'}",Tom Warren,Microsoft announces Copilot: the AI-powered future of Office documents,"Microsoft has unveiled Copilot, a new AI assistant that helps Office users create documents and more. Copilot will be available across Microsoft 365 apps and services.","Microsoft announces Copilot: the AI-powered future of Office documents
Microsoft announces Copilot: the AI-powered future of Office documents
 / Copilot is a modern AI assistant that will help Micr… [+1928 chars]",Very Positive,50,[],[],"['Copilot', 'Microsoft', 'AI']"
57,"{'id': 'the-verge', 'name': 'The Verge'}",Sheena Vasani,Sonos is hosting another refurbished soundbar and speaker sale,"Sonos is discounting refurbished versions of the Sonos Arc SL, the Sonos Roam, and the Sonos One SL. All of these have been tested and cleaned by Sonos, so you can rest assured they’re high-quality.","Sonos is hosting another refurbished soundbar and speaker sale
Sonos is hosting another refurbished soundbar and speaker sale
 / You can pick up refurbished versions of the Sonos Arc SL, the One SL… [+3386 chars]",Very Positive,0,[],[],"['SL', 'Arc', 'Sonos', 'Roam']"
58,"{'id': 'the-verge', 'name': 'The Verge'}",Jay Peters,Netflix’s new NFL docuseries starring Patrick Mahomes debuts this summer,"Netflix is partnering with the NFL on a new sports docuseries, Quarterback, that will focus on three quarterbacks: Patrick Mahomes, Kirk Cousins, and Marcus Mariota.","Netflixs new NFL docuseries starring Patrick Mahomes debuts this summer
Netflixs new NFL docuseries starring Patrick Mahomes debuts this summer
 / The new show, Quarterback, will follow Mahomes, Ki… [+2209 chars]",Very Positive,0,[],[],"['Netflix', 'Mahomes', 'Patrick', 'NFL', 'Quarterback', 'Mariota', 'Marcus', 'Kirk', 'Cousins']"
59,"{'id': 'the-verge', 'name': 'The Verge'}",Brandon Widder,The Beats Fit Pro earbuds in their new bright yellow color are already $30 off,"The new color of Beats Fit Pro earbuds are on sale for about $170. Apple’s last-gen iPad from 2021 returns to its best price of $269. You can also save on e-bikes, Sony’s SRS-XB33 Bluetooth speaker, and Yeedi’s Vac 2 Pro robot vacuum.","The Beats Fit Pro earbuds in their new bright yellow color are already $30 off
The Beats Fit Pro earbuds in their new bright yellow color are already $30 off
 / You can also save on Sonys picnic-fr… [+6757 chars]",Negative,140,[],['color'],"['Sonys', 'Fit', 'iPad', 'SRSXB33', 'Beats', 'Yeedis', 'Vac', 'Pro']"
60,"{'id': None, 'name': 'Gizmodo.com'}",Lucas Ropek,"Google Officially Releases Bard, Its ChatGPT Rival","After an initial announcement in February, Google has officially opened limited beta access to its AI chatbot, “Bard,” which it describes as a companion to its primary service, search. Google calls the chatbot an “experiment” and has reminded users that it is…","After an initial announcement in February, Google has officially opened limited beta access to its AI chatbot, Bard, which it describes as a companion to its primary service, search. Google calls the… [+3291 chars]",Very Positive,10,['limited'],[],"['Google', 'Bard', 'AI']"
61,"{'id': None, 'name': 'Gizmodo.com'}",Kyle Barr,The Mandalorian's Grogu Is Getting Into Shenanigans in Google Search,"“Hey, Grogu, put that down,” I said to my screen, myself the only person in the room. On Thursday, Google provided a little Easter egg for all those anticipating the drop of The Mandalorian’s third season.Read more...","Hey, Grogu, put that down, I said to my screen, myself the only person in the room. On Thursday, Google provided a little Easter egg for all those anticipating the drop of The Mandalorians third seas… [+1539 chars]",Very Positive,0,[],[],['Google']
62,"{'id': None, 'name': 'Gizmodo.com'}",Kyle Barr,Google Finally Put Spatial Audio on the Pixel Buds Pro,There’s good news for all those folks who picked up the last version of the Pixel Buds Pro. Google’s finally catching up to Apple and announced it will add spatial audio to its flagship earbuds devices. Unfortunately for all those folks who went for cheaper o…,Theres good news for all those folks who picked up the last version of the Pixel Buds Pro. Googles finally catching up to Apple and announced it will add spatial audio to its flagship earbuds devices… [+2803 chars],Very Positive,10,['Unfortunately'],[],"['Googles', 'Apple']"
63,"{'id': None, 'name': 'Gizmodo.com'}",Florence Ion,What to Expect from Google I/O 2023,Google announced its annual developer conference this week in the most annoying way possible—with a Glass Onion-style puzzle invite encouraging developers to bring their friends along for the “fun.” Google eventually revealed that Google I/O 2023 would be a h…,Google announced its annual developer conference this week in the most annoying way possiblewith a Glass Onion-style puzzle invite encouraging developers to bring their friends along for the fun. Goo… [+742 chars],Very Positive,10,['annoying'],[],"['IO', '2023', 'Onionstyle', 'Google', 'Glass']"
64,"{'id': None, 'name': 'Gizmodo.com'}",Mack DeGeurin,"Google Doesn't Want to Pay Websites for Content, so It's Blocking News in Canada",Google is following the Facebook playbook and threatening to cut off access to news in Canada unless lawmakers agree to gut legislation aimed at making tech companies pay publishers for their content. Read more...,Google is following the Facebook playbook and threatening to cut off access to news in Canada unless lawmakers agree to gut legislation aimed at making tech companies pay publishers for their content… [+4896 chars],Very Negative,230,['threatening'],[],"['Google', 'legislation', 'Canada']"
65,"{'id': None, 'name': 'Gizmodo.com'}",Mack DeGeurin,Uh-Oh: Feds Say Google 'Systematically Destroyed' Evidence for Years by Auto-Deleting Employee Chats,Google’s reliance on commonly used messaging systems that automatically delete conversations after a day has landed the company in hot water with the Department of Justice.Read more...,"Googles reliance on commonly used messaging systems that automatically delete conversations after a day has landed the company in hot water with the Department of Justice.
In filing Thursday evening… [+2813 chars]",Very Negative,190,[],[],"['the', 'Justice', 'Department', 'of']"
66,"{'id': None, 'name': 'Gizmodo.com'}",Florence Ion,Google Is Holding the 2023 I/O Conference Date Hostage Until We All Do Its Stupid Puzzle,Leave it to Google to tease us with a puzzle instead of just coming out and telling us when Google I/O 2023 is happening. If you’re curious about joining the collective of developers determining when to book flights for the company’s next developer’s conferen…,Leave it to Google to tease us with a puzzle instead of just coming out and telling us when Google I/O 2023 is happening. If youre curious about joining the collective of developers determining when … [+2346 chars],Very Negative,200,['tease'],[],"['Google', '2023', 'IO']"
67,"{'id': None, 'name': 'Gizmodo.com'}",Nikki Main,DOJ Investigation Threatens Google's Reign as King of the Maps,"Google’s dominance in the mapping space is facing a probe by the U.S. Department of Justice. Officials are reportedly looking into whether the tech giant is breaking antitrust laws on its Google Maps app. The DOJ started scrutinizing Alphabet, Inc., Google’s …",Googles dominance in the mapping space is facing a probe by the U.S. Department of Justice. Officials are reportedly looking into whether the tech giant is breaking antitrust laws on its Google Maps … [+2367 chars],Very Negative,230,['breaking'],[],"['Googles', 'antitrust', 'Maps', 'U.', 'the', 'Alphabet', 'Inc.', 'Department', 'of', 'Google', 'Justice', 'S.']"
68,"{'id': None, 'name': 'Gizmodo.com'}",Florence Ion,Google's Bringing Some Formerly Exclusive Pixel Features to its Android and iOS Subscription Service,"Google is bringing some of Pixel’s until now exclusive AI photo editing features to more Android devices, but also the iPhone. The caveat is that you must subscribe to Google One to access capabilities previously limited to Pixel 6/7 owners.Read more...","Google is bringing some of Pixels until now exclusive AI photo editing features to more Android devices, but also the iPhone. The caveat is that you must subscribe to Google One to access capabilitie… [+2490 chars]",Very Positive,10,['limited'],[],"['One', 'Pixels', 'AI', 'Android', 'Google', 'iPhone', 'Pixel']"
69,"{'id': None, 'name': 'Gizmodo.com'}",Kevin Hurler,Marvel Demands Reddit Expose The Redditors Behind the Ant-Man and the Wasp: Quantumania Script Leak,"Marvel’s latest entry to its superhero empire, Ant-Man and the Wasp: Quantumania, opened last month to mixed reviews from both critics and diehard MCU fans alike. But a polarizing reception is the least of Marvel’s worries surrounding the film as the studio t…","Marvels latest entry to its superhero empire, Ant-Man and the Wasp: Quantumania, opened last month to mixed reviews from both critics and diehard MCU fans alike. But a polarizing reception is the lea… [+2000 chars]",Very Negative,210,"['worries', 'critics']",[],"['AntMan', 'MCU']"
70,"{'id': None, 'name': 'Gizmodo.com'}",Kevin Hurler,"You Don't Say: Lawsuit Alleges Employees at Facebook, Snap, and TikTok Knew Social Media Was Addictive","An unsealed lawsuit involving the titans of social media, including Meta, Snap, ByteDance, Google, and their respective companies and employees, alleges they were all privy to the addictive nature of social media—surprising no one.Read more...","An unsealed lawsuit involving the titans of social media, including Meta, Snap, ByteDance, Google, and their respective companies and employees, alleges they were all privy to the addictive nature of… [+2452 chars]",Very Negative,250,[],[],"['alleges', 'Snap', 'ByteDance', 'lawsuit', 'Google', 'Meta']"
71,"{'id': None, 'name': 'Gizmodo.com'}",Mack DeGeurin,The Top Antitrust Cop Says Big Tech Looks a Lot Like Standard Oil,"Jonathan Kanter, the Department of Justice’s top antitrust enforcer, says Big Tech’s cornucopia of questionable business practices looks an awful lot like the oil industry during Standard Oil’s reign. Once a symbol of unstoppable corporate power, the John Roc…","Jonathan Kanter, the Department of Justices top antitrust enforcer, says Big Techs cornucopia of questionable business practices looks an awful lot like the oil industry during Standard Oils reign. O… [+6133 chars]",Very Positive,40,"['questionable', 'awful']",[],"['antitrust', 'Jonathan', 'John', 'the', 'Justices', 'Department', 'of', 'Kanter', 'Roc']"
72,"{'id': None, 'name': 'Gizmodo.com'}",Kyle Barr,YouTube Chills the Hell Out On Its Cursing Policy,"Google’s finally rolling back its unpopular decree against any kinds of profanity in videos, making it harder for any creators used to offering colorful sailor’s speech in videos from monetizing content on behalf of its beloved ad partners. The only thing is,…","Googles finally rolling back its unpopular decree against any kinds of profanity in videos, making it harder for any creators used to offering colorful sailors speech in videos from monetizing conten… [+3348 chars]",Very Negative,290,"['profanity', 'unpopular']",['harder'],"['Googles', 'behalf']"
73,"{'id': None, 'name': 'Gizmodo.com'}",Florence Ion,Samsung’s Bixby Will Clone Your Voice to Answer Calls for You,"Bixby Text Call is one of the more exciting parts of the Galaxy S23 series, allowing users to type messages that are converted to speech for phone calls. Unfortunately, it wasn’t live when I reviewed the Galaxy S23 Ultra. But Samsung now says a Bixby update w…","Bixby Text Call is one of the more exciting parts of the Galaxy S23 series, allowing users to type messages that are converted to speech for phone calls. Unfortunately, it wasnt live when I reviewed … [+2624 chars]",Very Positive,10,['Unfortunately'],[],"['Samsung', 'Call', 'Bixby', 'Text']"
74,"{'id': None, 'name': 'Gizmodo.com'}",Kyle Barr,Apple Maps Quietly Added Boston to Its List of Cities With Full Color 3D Landmarks,"Apple Maps users who were thinking of visiting ol’ Beantown, AKA Boston, can now get a sneak peak at some of the area’s most famous landmarks in 3D after Apple added it to its growing list of cities with select hand-crafted 3D models.Read more...","Apple Maps users who were thinking of visiting ol Beantown, AKA Boston, can now get a sneak peak at some of the areas most famous landmarks in 3D after Apple added it to its growing list of cities wi… [+3071 chars]",Very Positive,10,['sneak'],[],"['Maps', 'Boston', 'Beantown', 'Apple', 'AKA']"
75,"{'id': None, 'name': 'Gizmodo.com'}",Mack DeGeurin,We Could Soon Open a Pandora’s Box of Impossible Speech Laws,"This week, the Supreme Court is hearing two cases that could upend the way we’ve come to understand freedom of speech on the internet. Both Gonzalez v. Google and Twitter v. Taamneh ask the court to reconsider how the law interprets Section 230, a regulation …","This week, the Supreme Court is hearing two cases that could upend the way weve come to understand freedom of speech on the internet. Both Gonzalez v. Google and Twitter v. Taamneh ask the court to r… [+13019 chars]",Very Negative,310,[],[],"['Gonzalez', 'Court', 'Twitter', 'the', 'court', 'law', 'Supreme', 'Taamneh', 'hearing']"
76,"{'id': None, 'name': 'Gizmodo.com'}",Mack DeGeurin,YouTube Is Bringing Trump Back Online,"Google is ending its suspension of Donald Trump’s YouTube channel Friday, making it the last of the major U.S. social media companies to reverse course on a ban of the former president. Trump is effectively back online. How he chooses to connect with his reun…","Google is ending its suspension of Donald Trumps YouTube channel Friday, making it the last of the major U.S. social media companies to reversecourse on a ban of the former president. Trump is effect… [+3173 chars]",Very Negative,220,[],[],"['U.', 'Trumps', 'YouTube', 'Donald', 'Google', 'ban', 'Trump', 'S.']"
77,"{'id': None, 'name': 'Gizmodo.com'}",Kyle Barr,"Apple's Delaying Products, Avoiding AI in Desperate Bid to Avoid Layoffs","Apple does not want to resort to layoffs, unlike many other major tech companies, which have been downsizing since around the turn of 2023. The tech giant is so desperate to not become another Google, Microsoft, or Meta (which thought 11,000 Meta staff layoff…","Apple does not want to resort to layoffs, unlike many other major tech companies, which have been downsizing since around the turn of 2023. The tech giant is so desperate to not become another Google… [+3466 chars]",Very Negative,240,"['layoff', 'desperate']",[],"['Google', 'Meta', 'Microsoft', 'Apple']"
78,"{'id': None, 'name': 'Gizmodo.com'}",Mack DeGeurin,Apple Blocked a ChatGPT Email App From the App Store,"Apple waded into the debate over generative artificial intelligence this week when it blocked a ChatGPT-powered email app over concerns the app would not properly filter content for young audiences. The blocked app update, which the developer claims is unfair…",Apple waded into the debate over generative artificial intelligence this week when it blocked a ChatGPT-powered email app over concerns the app would notproperly filter content for young audiences. T… [+5448 chars],Very Negative,230,['concerns'],[],"['claims', 'Apple']"
79,"{'id': None, 'name': 'Gizmodo.com'}",David Nield,"How To Print Anything From Your Phone or Tablet, No Laptop Required","We’re still not living in a fully paperless world, and all kinds of documents still need to be printed now and again: Application forms, quiz sheets, training materials, wedding speeches, and more all need to be in physical form for one reason or another. How…","Were still not living in a fully paperless world, and all kinds of documents still need to be printed now and again: Application forms, quiz sheets, training materials, wedding speeches, and more all… [+5137 chars]",Very Positive,0,[],[],[]
80,"{'id': None, 'name': 'Gizmodo.com'}",Kyle Barr,TikTok Paywall Lets Creators Charge Up to $190 for Access to Their Videos,"If you couldn’t get enough of paying for content that was once free, get ready for some of your favorite TikTok creators to start asking you to cough up money before accessing some of their videos.Read more...","If you couldnt get enough of paying for content that was once free, get ready for some of your favorite TikTok creators to start asking you to cough up money before accessing some of their videos.
O… [+2903 chars]",Very Positive,0,[],[],[]
81,"{'id': None, 'name': 'Gizmodo.com'}",Kevin Hurler,"Amazon CEO Andy Jassy Announces an Additional 9,000 Layoffs","In an email to staff this morning, Amazon CEO Andy Jassy announced another round of layoffs at the massive tech corporation—this time resulting in 9,000 Amazon employees losing their jobs. According to the memo, which was obtained by CNBC, the affected depart…","In an email to staff this morning, Amazon CEO Andy Jassy announced another round of layoffs at the massive tech corporationthis time resulting in 9,000 Amazon employees losing their jobs. According t… [+1692 chars]",Very Positive,10,['losing'],[],"['Andy', 'Jassy', 'Amazon', 'CNBC']"
82,"{'id': None, 'name': 'Gizmodo.com'}",Mack DeGeurin,"Bin Laden, Burglars, and Banks: The Supreme Court Considers Twitter's Role in Terrorism",Supreme Court justices whipped out their dictionaries and a deep bucket of metaphors Wednesday in a cumbersome attempt to understand whether or not social media companies can be held legally liable for promoting ISIS videos under anti-terrorism laws. Stolen j…,Supreme Court justices whipped out their dictionaries and a deep bucket of metaphors Wednesday in a cumbersome attempt to understand whether or not social media companies can be held legally liable f… [+9979 chars],Very Negative,280,"['liable', 'Stolen', 'cumbersome']",[],"['liable', 'Supreme', 'ISIS', 'Court']"
83,"{'id': None, 'name': 'Gizmodo.com'}",Thomas Germain,Parents Group Demands Meeting With Meta and TikTok Over Child Suicide,"A family advocacy group called Parents Together published an open letter Thursday demanding a meeting with the heads of Meta and ByteDance, arguing that the companies knowingly expose children to a variety of dire threats, including the risk of suicide, and t…","A family advocacy group called Parents Together published an open letter Thursday demanding a meeting with the heads of Meta and ByteDance, arguing that the companies knowingly expose children to a v… [+4568 chars]",Very Negative,250,"['threats', 'risk', 'dire']",[],"['arguing', 'Together', 'Parents', 'ByteDance', 'Meta']"
84,"{'id': None, 'name': 'Gizmodo.com'}",Florence Ion,Does It Matter if Samsung's Phone Cameras Fake Their Moon Shots?,"After a week mired in old controversy rearing its head once again, Samsung has officially detailed how its smartphones take such high fidelity photos of the moon. While most of what’s in the post isn’t anything we haven’t heard before, Samsung’s response to t…","After a week mired in old controversy rearing its head once again, Samsung has officially detailed how its smartphones take such high fidelity photos of the moon. While most of whats in the post isnt… [+4583 chars]",Neutral,30,['controversy'],[],"['Samsung', 'Samsungs', 'anythingwe', 'controversy']"
85,"{'id': None, 'name': 'Gizmodo.com'}",David Nield,How To Actually Choose a New Smartphone,"If you’re in the market for a new smartphone, you’ve certainly got plenty of options to pick from—but it’s not necessarily all that easy to spot the differences between the dozens of glass-and-metal-and-plastic slabs that are out there. At the same time, cert…","If youre in the market for a new smartphone, youve certainly got plenty of options to pick frombut its not necessarily all that easy to spot the differences between the dozens of glass-and-metal-and-… [+6475 chars]",Very Positive,0,[],[],[]
86,"{'id': None, 'name': 'Gizmodo.com'}",Nikki Main,Sam Bankman-Fried's Lawyers Say They May Need to Delay Trial,Lawyers representing FTX founder Sam Bankman-Fried announced on Wednesday that his October trial might need to be delayed. The lawyers said they were still waiting for important documents to be handed over and claimed the hold-up could hinder their ability to…,Lawyers representing FTX founder Sam Bankman-Fried announced on Wednesday that his October trial might need to be delayed. The lawyers said they were still waiting for important documents to be hande… [+2762 chars],Very Negative,300,"['delayed', 'hinder']",[],"['BankmanFried', 'Sam', 'lawyers', 'FTX', 'trial', 'Lawyers']"
87,"{'id': None, 'name': 'Gizmodo.com'}",Jack Murtagh,Gizmodo Monday Puzzle: Let’s Make a Date,"I imagine Gizmodo readers will not approve of a Luddite take, but I’m going to risk my skin and wax nostalgic for physical calendars. Do you remember Page-A-Day calendars? Each morning you’d tear a page to reveal the new date and some little reward for waking…","I imagine Gizmodo readers will not approve of a Luddite take, but Im going to risk my skin and wax nostalgic for physical calendars. Do you remember Page-A-Day calendars? Each morning youd tear a pag… [+5898 chars]",Very Positive,10,['risk'],[],['Gizmodo']
88,"{'id': 'bbc-news', 'name': 'BBC News'}",https://www.facebook.com/bbcnews,YouTube accused of collecting UK children's data,The video platform faces a challenge over claims it is gathering and using the data of under-13s.,"YouTube has been accused of collecting the viewing data of children aged under 13, in breach of a UK data privacy code designed to protect children.
Campaigner Duncan McCann has lodged an official c… [+3126 chars]",Very Negative,220,[],[],"['under13s', 'claims']"
89,"{'id': 'cnn', 'name': 'CNN'}",Brian Fung,Supreme Court to hear oral arguments in Twitter case with broad impact on internet,"One day after Supreme Court justices debated whether Google and its subsidiary YouTube should be held liable for how its algorithm organizes ISIS content, the Court is set to take up questions of tech platforms' legal exposure for user content in a Twitter ca…","One day after Supreme Court justices debated whether Google and its subsidiary YouTube should be held liable for how its algorithm organizes ISIS content, the Court is set to take up questions of tec… [+3215 chars]",Very Positive,120,['liable'],[],"['Court', 'Twitter', 'liable', 'YouTube', 'ISIS', 'Google', 'Supreme', 'legal']"
90,"{'id': 'cnn', 'name': 'CNN'}",Nathaniel Meyersohn,Bed Bath & Beyond is closing hundreds of stores. But they won't be empty for long,"• The way Google handled layoffs stunned many 
• Live updates: Global stocks rise as investor worries about global banking turmoil ease 
• Five questions for the Federal Reserve as the banking crisis drags on","Bed Bath &amp; Beyond is stripping down its big blue signs, clearing out aisles of linens and closing 400 stores as it tries to stave off bankruptcy.
Already, chains including TJ Maxx, HomeGoods and… [+4644 chars]",Negative,160,"['worries', 'crisis', 'drags', 'turmoil']",[],"['Federal', 'the', 'Reserve', 'Global', 'Google']"
91,"{'id': 'cnn', 'name': 'CNN'}",Lauren del Valle,"Judge concerned Sam Bankman-Fried is too 'technologically savvy,' could find a way around tech restrictions","United States District Judge Lewis Kaplan indicated at a hearing Friday he might modify FTX founder Sam Bankman-Fried's bail conditions, but only after attorneys further tighten the restrictions on Bankman-Fried's access to technology.","United States District Judge Lewis Kaplan indicated at a hearing Friday he might modify FTX founder Sam Bankman-Frieds bail conditions, but only after attorneys further tighten the restrictions on Ba… [+1905 chars]",Very Negative,310,[],[],"['Lewis', 'Kaplan', 'States', 'United', 'attorneys', 'BankmanFrieds', 'Sam', 'FTX', 'Judge', 'bail', 'hearing']"
92,"{'id': 'cnn', 'name': 'CNN'}",Hannah Rabinowitz,"Mich. man charged with illegal firearms possession after allegedly threatening governor, Biden",A Michigan man has been charged with unlawfully owning several firearms after federal agents uncovered online death threats he allegedly made against Gov. Gretchen Whitmer and President Joe Biden.,"A Michigan man has been charged with unlawfully owning several firearms after federal agents uncovered online death threats he allegedly made against Gov. Gretchen Whitmer and President Joe Biden.
R… [+1991 chars]",Very Negative,330,"['death', 'unlawfully', 'threats']",['death'],"['Michigan', 'Joe', 'Gretchen', 'federal', 'Biden', 'unlawfully', 'Whitmer']"
93,"{'id': 'cnn', 'name': 'CNN'}","Sebastian Shukla, Alex Marquardt, Richard Harlow, Kosta Hak",'No regrets.' Ukraine's foreign fighters vow to fight until the end in war with Russia,"Under a blanket of stars, the only sound in the air is the deep hum of a pick-up truck, its headlights off. Fumes chug into frigid air from the exhaust. Only the taillights reveal the vehicle's outline; the remotest sliver of light could spell disaster this c…","Under a blanket of stars, the only sound in the air is the deep hum of a pick-up truck, its headlights off. Fumes chug into frigid air from the exhaust. Only the taillights reveal the vehicles outlin… [+7268 chars]",Very Positive,90,"['disaster', 'hum', 'Fumes', 'frigid', 'exhaust']",['headlights'],[]
94,"{'id': 'cnn', 'name': 'CNN'}","Leah Dolan, CNN",Look of the Week: Hunter Schafer's ethereal Oscars after-party look,The three words that best describe Hunter Schafer's Vanity Fair Oscars party look? Less is more.,"Featuring the good, the bad and the ugly, 'Look of the Week' is a regular series dedicated to unpacking the most talked about outfit of the last seven days.
The three words that best describe Hunter… [+3513 chars]",Very Positive,10,['Vanity'],[],"['Hunter', 'Fair', 'Schafers', 'Vanity']"
95,"{'id': 'cnn', 'name': 'CNN'}",Zachary B. Wolf,"Analysis: AI can be racist, sexist and creepy. What should we do about it?","The emergence of ChatGPT and now GPT-4, the artificial intelligence interface from OpenAI that will chat with you, answer questions and passably write a high school term paper, is both a quirky diversion and a harbinger of how technology is changing the way w…","A version of this story appeared in CNNs What Matters newsletter. To get it in your inbox, sign up for free here.
The emergence of ChatGPT and now GPT-4, the artificial intelligence interface from O… [+15634 chars]",Very Negative,220,[],[],"['OpenAI', 'answer']"
96,"{'id': 'bbc-news', 'name': 'BBC News'}",https://www.facebook.com/bbcnews,How fake copyright complaints are muzzling journalists,Articles critical of powerful African oil lobbyists are being targeted by false copyright claims.,"Journalists have been forced to temporarily take down articles critical of powerful oil lobbyists due to the exploitation of US copyright law, according to a new report.
At least five such articles … [+6129 chars]",Very Negative,320,"['critical', 'false']",['African'],"['copyright', 'claims']"
97,"{'id': 'ars-technica', 'name': 'Ars Technica'}",Samuel Axon,RIP (again): Google Glass will no longer be sold,"Sales have already ceased, and support ends later this year.","16 with 
<ul><li>
 A woman uses Google Glass Enterprise Edition in a marketing image for the product. 
</li><li>
 This is the safety glasses version of Google Glass Enterprise Edition, as seen in… [+2855 chars]",Very Negative,190,[],[],[]
98,"{'id': 'ars-technica', 'name': 'Ars Technica'}",Andrew Cunningham,"Belkin takes “a big step back” from Matter, endangering universal smart home standard",But there are still many devices from other companies that will support Matter.,"Enlarge/ Several of Belkin's Wemo smart home accessories support the Thread networking protocol, but the company is holding off on Matter support for now.
0 with 
Belkin is pumping the brakes on it… [+2317 chars]",Very Positive,0,[],[],[]
99,"{'id': 'ars-technica', 'name': 'Ars Technica'}",Jonathan M. Gitlin,Waze route plans will now include electric vehicle charger locations,EV drivers now have one more option for planning the best route with charging.,"2 with 
Electric vehicle-specific navigation is coming to Waze. The map app is rolling out new data beginning today that now includes EV charger location information, which it will use to help EV dr… [+1115 chars]",Neutral,20,[],[],"['EV', 'charging']"
