,Unnamed: 0,source,author,title,description,url,urlToImage,publishedAt,content,preprocessed_title,score,sentiment
0,0,"{'id': None, 'name': 'Gizmodo.com'}","Lyric Aquino, Grist",Banks With ‘Net-Zero’ Pledges Are Top Funders of Fossil Fuels,This story was originally published by Grist. Sign up for Grist’s weekly newsletter here.Read more...,https://gizmodo.com/banks-with-net-zero-pledges-are-top-funders-of-fossil-1850347869,"https://i.kinja-img.com/gawker-media/image/upload/c_fill,f_auto,fl_progressive,g_center,h_675,pg_1,q_80,w_1200/351d44c51643494336cd7c56b21d0554.jpg",2023-04-18T14:55:00Z,"This story was originally published by Grist. Sign up for Grists weekly newsletter here.
Fossil fuel projects require money and that money is coming from the worlds top private banks, including many… [+3647 chars]",Banks With NetZero Pledges Are Top Funders of Fossil Fuels,5,Very Positive
1,1,"{'id': None, 'name': 'Gizmodo.com'}",Lucas Ropek,"After the Death of BuzzFeed News, Journalists Should Treat AI as an Existential Threat","Last week, BuzzFeed nuked its entire newsroom, laying off an already significantly reduced team that had never been quite the same since the company forced out droves of investigative and politics reporters last March. And while you certainly couldn’t call th…",https://gizmodo.com/chatgpt-ai-buzzfeed-news-journalism-existential-threat-1849869364,"https://i.kinja-img.com/gawker-media/image/upload/c_fill,f_auto,fl_progressive,g_center,h_675,pg_1,q_80,w_1200/57c3dfb29c16e9c479b300ffdf00672b.jpg",2023-04-27T16:48:00Z,"Last week, BuzzFeed nuked its entire newsroom, laying off an already significantly reduced team that had never been quite the same since the company forced out droves of investigative and politics re… [+16349 chars]",After the Death of BuzzFeed News Journalists Should Treat AI as an Existential Threat,1,Very Negative
2,2,"{'id': 'cnn', 'name': 'CNN'}",Julia Horowitz,This investor can spot market bubbles. Now he's warning of an 'ominous' bust,"Jeremy Grantham made his name predicting the dot-com crash in 2000 and the financial crisis in 2008. Now, the famous investor warns another epic bubble in financial markets is bursting — and the turmoil that swept through the banking sector last month is just…",https://www.cnn.com/2023/04/13/investing/housing-stock-market-bubble-jeremy-grantham/index.html,"https://media.cnn.com/api/v1/images/stellar/prod/220121114709-file-jeremy-grantham.jpg?c=16x9&q=w_800,c_fill",2023-04-13T09:53:22Z,"Jeremy Grantham made his name predicting the dot-com crash in 2000 and the financial crisis in 2008. Now, the famous investor warns another epic bubble in financial markets is bursting and the turmoi… [+6069 chars]",This investor can spot market bubbles. Now hes warning of an ominous bust,1,Very Negative
3,3,"{'id': 'ars-technica', 'name': 'Ars Technica'}",Scharon Harding,Apple launches high-yield savings account with 4.15 percent APY,Apple expands financial services push as the hardware market remains tumultuous.,https://arstechnica.com/gadgets/2023/04/apple-launches-high-yield-savings-account-with-4-15-percent-apy/,https://cdn.arstechnica.net/wp-content/uploads/2023/04/savings-760x380.jpg,2023-04-17T19:09:32Z,"Enlarge/ A Savings dashboard in the Wallet app (left) lets users view their savings account balance and how much interest it has earned, among other things. 
12 with 
Apple today launched its first… [+2227 chars]",Apple launches highyield savings account with 4. 15 percent APY,5,Very Positive
4,4,"{'id': 'google-news', 'name': 'Google News'}",,Goldman Sachs reshuffles equities unit executives after top trader ... - Reuters,Goldman Sachs reshuffles equities unit executives after top trader ...  Reuters,https://consent.google.com/ml?continue=https://news.google.com/rss/articles/CBMiemh0dHBzOi8vd3d3LnJldXRlcnMuY29tL2J1c2luZXNzL2dvbGRtYW4tc2FjaHMtcmVzaHVmZmxlcy1lcXVpdGllcy11bml0LWV4ZWN1dGl2ZXMtYWZ0ZXItdG9wLXRyYWRlci1tb250ZXNhbm9zLTIwMjMtMDQtMTIv0gEA?oc%3D5&gl=FR&hl=en-US&cm=2&pc=n&src=1,,2023-04-12T18:06:00Z,"We use cookies and data to<ul><li>Deliver and maintain Google services</li><li>Track outages and protect against spam, fraud, and abuse</li><li>Measure audience engagement and site statistics to unde… [+1131 chars]",Goldman Sachs reshuffles equities unit executives after top trader... Reuters,1,Very Negative
5,5,"{'id': 'google-news', 'name': 'Google News'}",,Goldman Sachs' profit falls on sluggish dealmaking - Reuters,Goldman Sachs' profit falls on sluggish dealmaking  Reuters,https://consent.google.com/ml?continue=https://news.google.com/rss/articles/CBMiN2h0dHBzOi8vd3d3LnJldXRlcnMuY29tL3ZpZGVvL3dhdGNoL2lkT1Y2MDUyMTgwNDIwMjNSUDHSAQA?oc%3D5&gl=FR&hl=en-US&cm=2&pc=n&src=1,,2023-04-18T17:59:37Z,"We use cookies and data to<ul><li>Deliver and maintain Google services</li><li>Track outages and protect against spam, fraud, and abuse</li><li>Measure audience engagement and site statistics to unde… [+1131 chars]",Goldman Sachs profit falls on sluggish dealmaking Reuters,1,Very Negative
6,6,"{'id': 'google-news', 'name': 'Google News'}",,Goldman Sachs raises ECB terminal rate forecast to 3.75% - Reuters,Goldman Sachs raises ECB terminal rate forecast to 3.75%  Reuters,https://consent.google.com/ml?continue=https://news.google.com/rss/articles/CBMiZmh0dHBzOi8vd3d3LnJldXRlcnMuY29tL21hcmtldHMvZXVyb3BlL2dvbGRtYW4tc2FjaHMtcmFpc2VzLWVjYi10ZXJtaW5hbC1yYXRlLWZvcmVjYXN0LTM3NS0yMDIzLTA0LTE4L9IBAA?oc%3D5&gl=FR&hl=en-US&cm=2&pc=n&src=1,,2023-04-18T15:34:00Z,"We use cookies and data to<ul><li>Deliver and maintain Google services</li><li>Track outages and protect against spam, fraud, and abuse</li><li>Measure audience engagement and site statistics to unde… [+1131 chars]",Goldman Sachs raises ECB terminal rate forecast to 3. 75 Reuters,1,Very Negative
7,7,"{'id': 'google-news', 'name': 'Google News'}",,Goldman Sachs names Kim Posnett as global TMT head - Reuters,Goldman Sachs names Kim Posnett as global TMT head  Reuters,https://consent.google.com/ml?continue=https://news.google.com/rss/articles/CBMiW2h0dHBzOi8vd3d3LnJldXRlcnMuY29tL21hcmtldHMvZ29sZG1hbi1zYWNocy1uYW1lcy1raW0tcG9zbmV0dC1nbG9iYWwtdG10LWhlYWQtMjAyMy0wNS0wMy_SAQA?oc%3D5&gl=FR&hl=en-US&cm=2&pc=n&src=1,,2023-05-03T19:51:00Z,"We use cookies and data to<ul><li>Deliver and maintain Google services</li><li>Track outages and protect against spam, fraud, and abuse</li><li>Measure audience engagement and site statistics to unde… [+1131 chars]",Goldman Sachs names Kim Posnett as global TMT head Reuters,5,Very Positive
8,8,"{'id': 'google-news', 'name': 'Google News'}",,Goldman Sachs says no longer expects Fed rate hike in June - Reuters,Goldman Sachs says no longer expects Fed rate hike in June  Reuters,https://consent.google.com/ml?continue=https://news.google.com/rss/articles/CBMiZmh0dHBzOi8vd3d3LnJldXRlcnMuY29tL21hcmtldHMvdXMvZ29sZG1hbi1zYWNocy1zYXlzLW5vLWxvbmdlci1leHBlY3RzLWZlZC1yYXRlLWhpa2UtanVuZS0yMDIzLTA0LTEyL9IBAA?oc%3D5&gl=FR&hl=en-US&cm=2&pc=n&src=1,,2023-04-12T16:15:00Z,"We use cookies and data to<ul><li>Deliver and maintain Google services</li><li>Track outages and protect against spam, fraud, and abuse</li><li>Measure audience engagement and site statistics to unde… [+1131 chars]",Goldman Sachs says no longer expects Fed rate hike in June Reuters,1,Very Negative
9,9,"{'id': 'google-news', 'name': 'Google News'}",,Goldman Sachs raises its forecast for BoE rates peak to 5% - Reuters,Goldman Sachs raises its forecast for BoE rates peak to 5%  Reuters,https://consent.google.com/ml?continue=https://news.google.com/rss/articles/CBMiamh0dHBzOi8vd3d3LnJldXRlcnMuY29tL21hcmtldHMvcmF0ZXMtYm9uZHMvZ29sZG1hbi1zYWNocy1yYWlzZXMtaXRzLWZvcmVjYXN0LWJvZS1yYXRlcy1wZWFrLTUtMjAyMy0wNC0yNy_SAQA?oc%3D5&gl=FR&hl=en-US&cm=2&pc=n&src=1,,2023-04-27T11:37:00Z,"We use cookies and data to<ul><li>Deliver and maintain Google services</li><li>Track outages and protect against spam, fraud, and abuse</li><li>Measure audience engagement and site statistics to unde… [+1131 chars]",Goldman Sachs raises its forecast for BoE rates peak to 5 Reuters,1,Very Negative
10,10,"{'id': 'google-news', 'name': 'Google News'}",,Former Goldman Sachs partner launches fund of up to $550 mln in ... - Reuters,Former Goldman Sachs partner launches fund of up to $550 mln in ...  Reuters,https://consent.google.com/ml?continue=https://news.google.com/rss/articles/CBMic2h0dHBzOi8vd3d3LnJldXRlcnMuY29tL2J1c2luZXNzL2ZpbmFuY2UvZm9ybWVyLWdvbGRtYW4tc2FjaHMtcGFydG5lci1sYXVuY2hlcy1mdW5kLXVwLTU1MC1tbG4tcG9ydHVnYWwtMjAyMy0wNS0wOS_SAQA?oc%3D5&gl=FR&hl=en-US&cm=2&pc=n&src=1,,2023-05-09T18:05:00Z,"We use cookies and data to<ul><li>Deliver and maintain Google services</li><li>Track outages and protect against spam, fraud, and abuse</li><li>Measure audience engagement and site statistics to unde… [+1131 chars]",Former Goldman Sachs partner launches fund of up to 550 mln in... Reuters,1,Very Negative
11,11,"{'id': 'google-news', 'name': 'Google News'}",,Goldman Sachs cautious on Turkish bank stocks ahead of election - Reuters,Goldman Sachs cautious on Turkish bank stocks ahead of election  Reuters,https://consent.google.com/ml?continue=https://news.google.com/rss/articles/CBMibmh0dHBzOi8vd3d3LnJldXRlcnMuY29tL2J1c2luZXNzL2ZpbmFuY2UvZ29sZG1hbi1zYWNocy1jYXV0aW91cy10dXJraXNoLWJhbmstc3RvY2tzLWFoZWFkLWVsZWN0aW9uLTIwMjMtMDUtMDQv0gEA?oc%3D5&gl=FR&hl=en-US&cm=2&pc=n&src=1,,2023-05-04T06:45:00Z,"We use cookies and data to<ul><li>Deliver and maintain Google services</li><li>Track outages and protect against spam, fraud, and abuse</li><li>Measure audience engagement and site statistics to unde… [+1131 chars]",Goldman Sachs cautious on Turkish bank stocks ahead of election Reuters,1,Very Negative
12,12,"{'id': 'google-news', 'name': 'Google News'}",,Goldman Sachs profit falls in first quarter as dealmaking sputters - Reuters,Goldman Sachs profit falls in first quarter as dealmaking sputters  Reuters,https://consent.google.com/ml?continue=https://news.google.com/rss/articles/CBMiV2h0dHBzOi8vd3d3LnJldXRlcnMuY29tL21hcmtldHMvdXMvZ29sZG1hbi1zYWNocy1wcm9maXQtZmFsbHMtZmlyc3QtcXVhcnRlci0yMDIzLTA0LTE4L9IBAA?oc%3D5&gl=FR&hl=en-US&cm=2&pc=n&src=1,,2023-04-18T11:35:00Z,"We use cookies and data to<ul><li>Deliver and maintain Google services</li><li>Track outages and protect against spam, fraud, and abuse</li><li>Measure audience engagement and site statistics to unde… [+1131 chars]",Goldman Sachs profit falls in first quarter as dealmaking sputters Reuters,1,Very Negative
13,13,"{'id': None, 'name': 'The Guardian'}",Richard Partington Economics correspondent,"Bank of England may have to raise rates to 5% this summer, says Goldman Sachs","US investment bank believes inflationary pressures could force monetary policy committee’s handThe Bank of England could be forced to raise interest rates to 5% this summer, Goldman Sachs has warned, as Britain struggles to bring down the highest rates of inf…",https://www.theguardian.com/business/2023/may/08/bank-of-england-may-have-to-raise-interest-rates-this-summer-says-goldman-sachs-inflation,https://i.guim.co.uk/img/media/c4f35bfa07a67ca2eb3fca96ddde8165778628cf/27_633_5548_3330/master/5548.jpg?width=1200&height=630&quality=85&auto=format&fit=crop&overlay-align=bottom%2Cleft&overlay-width=100p&overlay-base64=L2ltZy9zdGF0aWMvb3ZlcmxheXMvdGctZGVmYXVsdC5wbmc&enable=upscale&s=529e10d70cdbcb92683f8fb4a98a8e40,2023-05-08T07:00:44Z,"The Bank of England could be forced to raise interest rates to 5% this summer, Goldman Sachs has warned, as Britain struggles to bring down the highest rates of inflation among the G7 group of advanc… [+9284 chars]",Bank of England may have to raise rates to 5 this summer says Goldman Sachs,1,Very Negative
14,14,"{'id': None, 'name': 'The Guardian'}",Dave Rich,Richard Sharp is a public figure and fair game for satire. The use of antisemitic tropes is not | Dave Rich,"The Guardian was right to remove and delete the cartoon published on Saturday, but with all that is known about anti-Jewish symbols and images, this should not be happeningOther than his closest friends, it is unlikely that anybody would complain if a Guardia…",https://www.theguardian.com/commentisfree/2023/may/01/richard-sharp-guardian-martin-rowson-cartoon-antisemitism,https://i.guim.co.uk/img/media/4b9bef0b93e784d26fb598a7f4ace148e6b0ba19/0_0_5100_3060/master/5100.jpg?width=1200&height=630&quality=85&auto=format&fit=crop&overlay-align=bottom%2Cleft&overlay-width=100p&overlay-base64=L2ltZy9zdGF0aWMvb3ZlcmxheXMvdGctb3BpbmlvbnMucG5n&enable=upscale&s=251c966adf3088844f92c8618af0ac5e,2023-05-01T06:00:27Z,"Other than his closest friends, it is unlikely that anybody would complain if a Guardian cartoonist drew Boris Johnson as a gorilla. Alls fair in political satire, cartoonists are expected to be scur… [+5464 chars]",Richard Sharp is a public figure and fair game for satire. The use of antisemitic tropes is not Dave Rich,3,Neutral
15,15,"{'id': None, 'name': 'The Guardian'}",Jonathan Freedland,Society exposes us all to anti-Jewish tropes and attitudes. The first step is to notice them | Jonathan Freedland,"The Richard Sharp cartoon caused deep distress because it heightened the feeling that others don’t understand or care about antisemitism. That must changeFor a week now, I’ve been bombarded with variations on the same question: “So what do you think about tha…",https://www.theguardian.com/commentisfree/2023/may/05/anti-jewish-tropes-richard-sharp-antisemitism,https://i.guim.co.uk/img/media/5982403b00737defcea436a39b7931f56e2c064f/0_158_2400_1440/master/2400.jpg?width=1200&height=630&quality=85&auto=format&fit=crop&overlay-align=bottom%2Cleft&overlay-width=100p&overlay-base64=L2ltZy9zdGF0aWMvb3ZlcmxheXMvdGctb3BpbmlvbnMucG5n&enable=upscale&s=67ee38aa7805987625b7e6051a1e18fb,2023-05-05T16:58:46Z,"For a week now, Ive been bombarded with variations on the same question: So what do you think about that cartoon? The cartoon in question being the depiction of the outgoing BBC chair, Richard Sharp,… [+7280 chars]",Society exposes us all to antiJewish tropes and attitudes. The first step is to notice them Jonathan Freedland,4,Positive
16,16,"{'id': None, 'name': 'The Guardian'}",Elisabeth Ribbans,"An image that should never have been published, and lessons that must be learned | Elisabeth Ribbans","Errors led to the publication of a cartoon of BBC chairman Richard Sharp, its withdrawal and an apology.Last Saturday the Guardian apologised for and removed from its website a cartoon about the resignation of the BBC’s chairman, Richard Sharp, that had been …",https://www.theguardian.com/commentisfree/2023/may/03/image-published-bbc-richard-sharp-guardian-cartoon-martin-rowson,https://i.guim.co.uk/img/media/026ac7c90dd0648bcd5494b28c3a1066fd29ae20/261_545_5175_3105/master/5175.jpg?width=1200&height=630&quality=85&auto=format&fit=crop&overlay-align=bottom%2Cleft&overlay-width=100p&overlay-base64=L2ltZy9zdGF0aWMvb3ZlcmxheXMvdGctb3BpbmlvbnMucG5n&enable=upscale&s=e8c55e4df5e9214c98a1ceaafc7d36eb,2023-05-03T15:02:29Z,"Last Saturday the Guardian apologised for and removed from its website a cartoon about the resignation of the BBCs chairman, Richard Sharp, that had been published in that days newspaper and online f… [+7162 chars]",An image that should never have been published and lessons that must be learned Elisabeth Ribbans,5,Very Positive
17,17,"{'id': None, 'name': 'The Guardian'}",Jessica Elgot and Jim Waterson,Richard Sharp’s future as BBC chair in doubt over ‘very uncomfortable’ report,Former Conservative party donor reportedly briefed on findings of investigation into his appointment<ul><li>UK politics live – latest updates</li></ul>Richard Sharp’s future as chair of the BBC is in doubt as he awaits the publication of a “very uncomfortable…,https://www.theguardian.com/media/2023/apr/19/richard-sharp-future-bbc-chair-doubt-uncomfortable-report-boris-johnson,https://i.guim.co.uk/img/media/4b9bef0b93e784d26fb598a7f4ace148e6b0ba19/0_148_5100_3060/master/5100.jpg?width=1200&height=630&quality=85&auto=format&fit=crop&overlay-align=bottom%2Cleft&overlay-width=100p&overlay-base64=L2ltZy9zdGF0aWMvb3ZlcmxheXMvdGctZGVmYXVsdC5wbmc&enable=upscale&s=9aa06654875d3a5a6b56fbb4b44eaf97,2023-04-19T13:52:23Z,"Richard Sharps future as chair of the BBC is in doubt as he awaits the publication of a very uncomfortable report on how he was recommended for the job by the former prime minister Boris Johnson.
Sh… [+2707 chars]",Richard Sharps future as BBC chair in doubt over very uncomfortable report,1,Very Negative
18,18,"{'id': None, 'name': 'The Guardian'}",Richard Partington Economics correspondent,"Inflation may be about to fall, but the interest rate pain is not over yet","Resilient UK growth may well prevent the Bank of England from ending its run of increasesThe Bank of England is confronting some stark and uncomfortable facts. Not since 1977 have British households faced food prices rising at a faster pace, while the headlin…",https://www.theguardian.com/business/2023/may/07/inflation-may-be-about-to-fall-but-the-interest-rate-pain-is-not-over-yet,https://i.guim.co.uk/img/media/d4d0c50a64f95708bdda88fe880e6f64e34098f4/0_46_5172_3103/master/5172.jpg?width=1200&height=630&quality=85&auto=format&fit=crop&overlay-align=bottom%2Cleft&overlay-width=100p&overlay-base64=L2ltZy9zdGF0aWMvb3ZlcmxheXMvdG8tZGVmYXVsdC5wbmc&enable=upscale&s=6c2c5f435f1593d6c5200042dedb558a,2023-05-06T23:05:04Z,"The Bank of England is confronting some stark and uncomfortable facts. Not since 1977 have British households faced food prices rising at a faster pace, while the headline rate of inflation is stuck … [+3695 chars]",Inflation may be about to fall but the interest rate pain is not over yet,3,Neutral
19,19,"{'id': None, 'name': 'The Guardian'}",Andrew Rawnsley,"After the fall of Richard Sharp, the next BBC chair must not be another political crony | Andrew Rawnsley",The public interest requires an open and scrupulous process to find the person best suited to perform an important role in our national lifeThat’s a blow for the theory of nominative determinism. Richard Sharp was terribly dim when it came to realising that h…,https://www.theguardian.com/commentisfree/2023/apr/30/bbc-chair-role-independence-cronyism-richard-sharp-exit,https://i.guim.co.uk/img/media/bca69929136b5c512a547c6381e353d675c96e5f/0_174_3500_2101/master/3500.jpg?width=1200&height=630&quality=85&auto=format&fit=crop&overlay-align=bottom%2Cleft&overlay-width=100p&overlay-base64=L2ltZy9zdGF0aWMvb3ZlcmxheXMvdG8tb3BpbmlvbnMucG5n&enable=upscale&s=114359a4991c8a6e3fea7e1d1eb97c2b,2023-04-30T07:31:03Z,Thats a blow for the theory of nominative determinism. Richard Sharp was terribly dim when it came to realising that he could not possibly continue as chair of the BBC. A magician he may have been at… [+8544 chars],After the fall of Richard Sharp the next BBC chair must not be another political crony Andrew Rawnsley,1,Very Negative
20,20,"{'id': None, 'name': 'The Guardian'}",Lloyd Green,"Traffic review: Ben Smith on Bannon, BuzzFeed and where it all went wrong","Now a co-founder of Semafor, formerly of Politico, BuzzFeed and the New York Times, the author expertly pulls readers inBen Smith is a willing passenger on the rollercoaster also known as the internet. He reported for Politico, was founding editor-in-chief at…",https://www.theguardian.com/books/2023/apr/29/ben-smith-traffic-book-review-buzzfeed,https://i.guim.co.uk/img/media/887259e1c1a8e6ce0e3063b45a50d9923b0721f9/0_0_5000_3001/master/5000.jpg?width=1200&height=630&quality=85&auto=format&fit=crop&overlay-align=bottom%2Cleft&overlay-width=100p&overlay-base64=L2ltZy9zdGF0aWMvb3ZlcmxheXMvdGctZGVmYXVsdC5wbmc&enable=upscale&s=54b13b68da43b7518264f27bdd0548ae,2023-04-29T06:00:28Z,"Ben Smith is a willing passenger on the rollercoaster also known as the internet. He reported for Politico, was founding editor-in-chief at BuzzFeed News and did a stint as a columnist for the New Yo… [+5760 chars]",Traffic review Ben Smith on Bannon BuzzFeed and where it all went wrong,1,Very Negative
21,21,"{'id': None, 'name': 'The Guardian'}","Edward Helmore in Westbury, New York",‘We’re living in madness’: George Santos’s constituents on federal charges,"Residents of the congressman’s New York district say they’re fed up with a system that enables his behavior“It’s like we’re living in madness,” said Danielle Gentile at a Brazilian restaurant in Long Island’s Westbury, one of a cluster of towns close to the e…",https://www.theguardian.com/us-news/2023/may/11/george-santos-voter-reaction-long-island-new-york,https://i.guim.co.uk/img/media/379505b5753cc2738d9d47b74fc85c0346f8e237/0_0_6000_3600/master/6000.jpg?width=1200&height=630&quality=85&auto=format&fit=crop&overlay-align=bottom%2Cleft&overlay-width=100p&overlay-base64=L2ltZy9zdGF0aWMvb3ZlcmxheXMvdGctZGVmYXVsdC5wbmc&enable=upscale&s=61f21272bacbd1f21500a94eb0ce6ec1,2023-05-11T10:00:23Z,"Its like were living in madness, said Danielle Gentile at a Brazilian restaurant in Long Islands Westbury, one of a cluster of towns close to the eastern border of the fabulist Republican congressman… [+5276 chars]",Were living in madness George Santoss constituents on federal charges,1,Very Negative
22,22,"{'id': None, 'name': 'The Guardian'}",Julia Kollewe and Kalyeena Makortoff,Fast-build modular homes – an answer to the UK housing crisis?,"Industry in UK is still largely loss-making but there are hopes it might soon deliver significant proportion of new homesResembling a giant toymaker’s workshop, 16 identical wooden boxes that stand 2.6 metres tall are lined up in a row in a factory near Leeds…",https://www.theguardian.com/business/2023/apr/14/fast-build-modular-homes-an-answer-to-the-uk-housing-crisis,https://i.guim.co.uk/img/media/e6aa415d4b3b0ff0af45021604fe08776801ea75/351_672_7540_4526/master/7540.jpg?width=1200&height=630&quality=85&auto=format&fit=crop&overlay-align=bottom%2Cleft&overlay-width=100p&overlay-base64=L2ltZy9zdGF0aWMvb3ZlcmxheXMvdGctZGVmYXVsdC5wbmc&enable=upscale&s=6628521816ac1983506d23bc294204ae,2023-04-14T05:00:04Z,"Resembling a giant toymakers workshop, 16 identical wooden boxes that stand 2.6 metres tall are lined up in a row in a factory near Leeds.
Each year the factory manufactures hundreds of apartments a… [+7976 chars]",Fastbuild modular homes an answer to the UK housing crisis,4,Positive
23,23,"{'id': None, 'name': 'The Guardian'}",Nils Pratley,The LSE boss is usually a breath of fresh air – but not on executive pay,Pay ratios at many FTSE 100 firms are stretched way beyond what was acceptable 20 years ago<ul><li>LSE chief calls for UK firms to pay bosses more</li></ul>Julia Hoggett has been a breath of fresh air as chief executive of the London Stock Exchange for the pa…,https://www.theguardian.com/business/nils-pratley-on-finance/2023/may/04/the-lse-boss-is-usually-a-breath-of-fresh-air-but-not-on-executive-pay,https://i.guim.co.uk/img/media/3665465c05b8116c45ccc28cee9f8d457f3beffc/295_0_4685_2812/master/4685.jpg?width=1200&height=630&quality=85&auto=format&fit=crop&overlay-align=bottom%2Cleft&overlay-width=100p&overlay-base64=L2ltZy9zdGF0aWMvb3ZlcmxheXMvdGctb3BpbmlvbnMucG5n&enable=upscale&s=4183c4649cf0fe7ff895151cf6a392b8,2023-05-04T05:00:41Z,"Julia Hoggett has been a breath of fresh air as chief executive of the London Stock Exchange for the past two years. A sociologist by university background, she talks as if she genuinely cares about … [+8689 chars]",The LSE boss is usually a breath of fresh air but not on executive pay,3,Neutral
24,24,"{'id': None, 'name': 'The Guardian'}",Kalyeena Makortoff Banking correspondent,"Is the banking crisis coming to an end? As JP Morgan CEO notes, risks linger","Jamie Dimon says this phase of bank collapses is over, but ‘other cracks in the system’ could still be revealedFresh from the rescue of First Republic, the latest US regional bank to go under, JP Morgan’s chief executive, Jamie Dimon, has been talking down th…",https://www.theguardian.com/business/2023/may/02/is-the-banking-crisis-coming-to-an-end-as-jp-morgan-ceo-notes-risks-linger,https://i.guim.co.uk/img/media/2d9334ab489698a6884d6b7c58b746ff6e0a3add/0_18_7759_4658/master/7759.jpg?width=1200&height=630&quality=85&auto=format&fit=crop&overlay-align=bottom%2Cleft&overlay-width=100p&overlay-base64=L2ltZy9zdGF0aWMvb3ZlcmxheXMvdGctZGVmYXVsdC5wbmc&enable=upscale&s=ac9291846ea493f3916b0f78c4d42bb5,2023-05-02T16:36:32Z,"Fresh from the rescue of First Republic, the latest US regional bank to go under, JP Morgans chief executive, Jamie Dimon, has been talking down the threat of contagion.
He claims the domino effect … [+9315 chars]",Is the banking crisis coming to an end As JP Morgan CEO notes risks linger,4,Positive
25,25,"{'id': None, 'name': 'The Guardian'}",Miles Brignall,UK interest rate rise: how will it affect you?,"The quarter-point rise to 4.5% hits mortgage holders, credit card users and people seeking loans, but savers could benefitThe Bank of England has yet again hiked interest rates, in the 12th consecutive rise since December 2021. This time the increase is 0.25 …",https://www.theguardian.com/business/2023/may/11/uk-interest-rate-rise-how-it-affects-you-inflation,https://i.guim.co.uk/img/media/1cbc3f8671b712487f489ccf0b2dba1b5f845a97/0_117_3500_2101/master/3500.jpg?width=1200&height=630&quality=85&auto=format&fit=crop&overlay-align=bottom%2Cleft&overlay-width=100p&overlay-base64=L2ltZy9zdGF0aWMvb3ZlcmxheXMvdGctZGVmYXVsdC5wbmc&enable=upscale&s=a379984fe3937c55239983429135e814,2023-05-11T11:06:33Z,"The Bank of England has yet again hiked interest rates, in the 12th consecutive rise since December 2021. This time the increase is 0.25 percentage points taking the base rate to 4.5%. So what does t… [+10403 chars]",UK interest rate rise how will it affect you,2,Negative
26,26,"{'id': None, 'name': 'The Guardian'}",Graeme Wearden,"Annual UK house price growth hits 10-year low, as southern England comes under pressure – business live","UK house prices rose in annual terms by just 0.1% in April, the smallest increase since December 2012, mortgage lender Halifax reportsInsurer Direct Line said its earnings outlook remains “challenging” due to the soaring cost of claims – despite ramping up pr…",https://www.theguardian.com/business/live/2023/may/09/uk-house-prices-interest-rates-halifax-cost-of-living-business-live,https://i.guim.co.uk/img/media/971289c9f371e4fe72f4e1c488589e1c0fe4214a/0_376_5644_3387/master/5644.jpg?width=1200&height=630&quality=85&auto=format&fit=crop&overlay-align=bottom%2Cleft&overlay-width=100p&overlay-base64=L2ltZy9zdGF0aWMvb3ZlcmxheXMvdGctbGl2ZS5wbmc&enable=upscale&s=4b1a7b15e3d1e5f36a51fa3f26aa8750,2023-05-09T08:51:31Z,"Introduction: Halifax shows annual house price growth fizzling out
Good morning, and welcome to our rolling coverage of business, the financial markets and the world economy.
Annual house price inf… [+110359 chars]",Annual UK house price growth hits 10year low as southern England comes under pressure business live,5,Very Positive
27,27,"{'id': None, 'name': 'The Guardian'}",Graeme Wearden,Bank of England lifts inflation and growth forecasts as it raises interest rates to 4.5% – business live,"BoE governor Andrew Bailey predicts inflation will have halved by the end of this year, thanks to falling energy bills<ul><li>Full story: Bank of England raises UK interest rates to 4.5%</li><li>UK interest rate rise: how will it affect you?</li></ul>Former I…",https://www.theguardian.com/business/live/2023/may/11/bank-of-england-interest-rates-inflation-governor-andrew-bailey-stock-markets-pound-us-debt-ceiling-business-live,https://i.guim.co.uk/img/media/179136d42635da0d7959eeec884c94aecb0eebcc/0_161_7952_4771/master/7952.jpg?width=1200&height=630&quality=85&auto=format&fit=crop&overlay-align=bottom%2Cleft&overlay-width=100p&overlay-base64=L2ltZy9zdGF0aWMvb3ZlcmxheXMvdGctbGl2ZS5wbmc&enable=upscale&s=d03636d863f2644622b688ba91857456,2023-05-11T12:14:19Z,"UK INTEREST RATE DECISION
Newsflash: The Bank of England has raised UK interest rates by a quarter of a percentage point to 4.5%, as it battles high inflation.
The Banks monetary policy committee h… [+97854 chars]",Bank of England lifts inflation and growth forecasts as it raises interest rates to 4. 5 business live,5,Very Positive
28,28,"{'id': None, 'name': 'MacRumors'}",Juli Clover,Apple Preparing to Launch Apple Card Savings Account,"Apple appears to be gearing up to introduce the Daily Cash savings account feature for Apple Card users, as mentions of a Daily Cash Savings account have been found in backend Apple code by Aaronp613.





The appearance of the code indicates that Apple has f…",https://www.macrumors.com/2023/04/12/apple-card-savings-account-coming-soon/,https://images.macrumors.com/t/0w71dZrBENUC1U70nbET7x7Y638=/1600x/article-new/2023/04/apple-card-savings-account.jpg,2023-04-12T23:49:35Z,"Apple appears to be gearing up to introduce the Daily Cash savings account feature for Apple Card users, as mentions of a Daily Cash Savings account have been found in backend Apple code by Aaronp613… [+1216 chars]",Apple Preparing to Launch Apple Card Savings Account,5,Very Positive
29,29,"{'id': None, 'name': 'MacRumors'}",Joe Rossignol,Apple Card Savings Account Available Starting Today With 4.15% Interest Rate,"Apple today announced that the Apple Card savings account is available starting today with a 4.15% APY.





The feature allows Apple Card users to open a high-yield savings account from Goldman Sachs in the Wallet app on their iPhone and start earning intere…",https://www.macrumors.com/2023/04/17/apple-card-savings-account-launching-today/,https://images.macrumors.com/t/nsCc2AsjkIVI5SRKJ1RxdLl7NFk=/2500x/article-new/2023/04/apple-card-savings-account-16x9.jpg,2023-04-17T14:07:59Z,"Apple today announced that the long-awaited Apple Card Savings feature is available starting today with an initial APY of 4.15%. The savings account has no fees, no minimum deposits, and no minimum b… [+992 chars]",Apple Card Savings Account Available Starting Today With 4. 15 Interest Rate,5,Very Positive
30,30,"{'id': None, 'name': 'MacRumors'}",Juli Clover,Nearly $1 Billion Deposited by Apple Card Owners Four Days After Savings Account Launch,"Apple on April 17 introduced the Apple Card Savings account, and it turns out that it was highly popular with iPhone users. The new Apple-branded high-yield savings account saw up to $990 million in deposits during the first four days after launch, according …",https://www.macrumors.com/2023/05/01/apple-card-savings-account-deposits/,https://images.macrumors.com/t/nsCc2AsjkIVI5SRKJ1RxdLl7NFk=/2500x/article-new/2023/04/apple-card-savings-account-16x9.jpg,2023-05-01T20:26:48Z,"Apple on April 17 introduced the Apple Card Savings account, and it turns out that it was highly popular with iPhone users. The new Apple-branded high-yield savings account saw up to $990 million in … [+1906 chars]",Nearly 1 Billion Deposited by Apple Card Owners Four Days After Savings Account Launch,1,Very Negative
31,31,"{'id': None, 'name': 'MacRumors'}",Joe Rossignol,What to Expect From Apple's Earnings Results Following New Macs and HomePod,"Apple will report its earnings results for the second quarter of its 2023 fiscal year on Thursday, May 4 at 1:30 p.m. Pacific Time. Apple's CEO Tim Cook and CFO Luca Maestri will discuss the results on a conference call for investors a half hour later.





K…",https://www.macrumors.com/2023/04/28/apple-q2-2023-earnings-preview/,https://images.macrumors.com/t/PIIG5xXvpJK70CLJ4PWZeq6EOOg=/2500x/article-new/2023/01/M2-Mini-MacBook-Pros-HomePod-Unity-Apple-Watch-Feature-1.jpg,2023-04-28T15:33:41Z,"Apple will report its earnings results for the second quarter of its 2023 fiscal year on Thursday, May 4 at 1:30 p.m. Pacific Time. Apple's CEO Tim Cook and CFO Luca Maestri will discuss the results … [+2154 chars]",What to Expect From Apples Earnings Results Following New Macs and HomePod,5,Very Positive
32,32,"{'id': None, 'name': 'MacRumors'}",MacRumors Staff,"Top Stories: Apple Card Savings Account Launches, 15-Inch MacBook Air Rumors, and More","With roughly six weeks to go until WWDC, rumors are continuing to fly about what we might see at the event. Bloomberg's Mark Gurman joined us on this week's episode of The MacRumors Show to give us his take on things, but there's still lots up in the air.



…",https://www.macrumors.com/2023/04/22/top-stories-apple-card-savings-launch/,https://images.macrumors.com/t/gGCYACxzIbIe9m2jink1MbitNvs=/1600x/article-new/2023/04/top-stories-22apr2023.jpg,2023-04-22T13:00:00Z,"With roughly six weeks to go until WWDC, rumors are continuing to fly about what we might see at the event. Bloomberg's Mark Gurman joined us on this week's episode of The MacRumors Show to give us h… [+3736 chars]",Top Stories Apple Card Savings Account Launches 15Inch MacBook Air Rumors and More,5,Very Positive
33,33,"{'id': None, 'name': 'CNET'}",Dashia Milden,The Clock Is Ticking to Lock In a Long-Term CD: Why Experts Say You Shouldn't Wait - CNET,"The best savings and CD rates you see today may not be around in a few months, experts say.",https://www.cnet.com/personal-finance/banking/the-clock-is-ticking-to-lock-in-a-long-term-cd-why-experts-say-you-shouldnt-wait-much-longer/,https://www.cnet.com/a/img/resize/3096966c54a06417313f202c981a1f3a1ea83d0c/hub/2023/04/24/f18c0776-faf1-4b51-b7e6-d23cd7203b73/gettyimages-1366450894.jpg?auto=webp&fit=crop&height=675&width=1200,2023-04-25T14:23:00Z,"After nearly a year of savings and CD interest rates steadily climbing, sky-high annual percentage yields are stalling -- and some are even starting to drop. 
""Banks are reducing interest rates on C… [+7147 chars]",The Clock Is Ticking to Lock In a LongTerm CD Why Experts Say You Shouldnt Wait CNET,1,Very Negative
34,34,"{'id': None, 'name': 'MacRumors'}",Joe Rossignol,Tim Cook Touts 'Incredible' Response to Apple Card Savings Account on iPhone,"Apple CEO Tim Cook this week said initial response to the new Apple Card Savings feature has been ""incredible"" following its launch last month.





Speaking on Apple's quarterly earnings call, Cook said both the savings account and the new Apple Pay Later fi…",https://www.macrumors.com/2023/05/05/tim-cook-touts-apple-card-savings/,https://images.macrumors.com/t/nsCc2AsjkIVI5SRKJ1RxdLl7NFk=/2500x/article-new/2023/04/apple-card-savings-account-16x9.jpg,2023-05-05T21:15:07Z,"Apple CEO Tim Cook this week said initial response to the new Apple Card Savings feature has been ""incredible"" following its launch last month.
Speaking on Apple's quarterly earnings call, Cook said… [+1178 chars]",Tim Cook Touts Incredible Response to Apple Card Savings Account on iPhone,5,Very Positive
35,35,"{'id': None, 'name': 'MacRumors'}",Joe Rossignol,Apple Card Savings Account Likely Launching on April 17,"Apple Card Savings will likely be available starting Monday, April 17, according to backend code on Apple's servers uncovered by @aaronp613. The code also suggests that an iPhone with iOS 16.3 or later will be required to use the feature.





Apple Card user…",https://www.macrumors.com/2023/04/13/apple-card-savings-account-launch-date-rumor/,https://images.macrumors.com/t/0w71dZrBENUC1U70nbET7x7Y638=/1600x/article-new/2023/04/apple-card-savings-account.jpg,2023-04-13T14:31:50Z,"Apple Card Savings will likely be available starting Monday, April 17, according to backend code on Apple's servers uncovered by @aaronp613. The code also suggests that an iPhone with iOS 16.3 or lat… [+1786 chars]",Apple Card Savings Account Likely Launching on April 17,1,Very Negative
36,36,"{'id': None, 'name': 'MacRumors'}",MacRumors Staff,"Top Stories: iPhone 15 Pro and iOS 17 Rumors, Apple Card Savings Coming Soon, and More","It's been a crazy few weeks of flip-flopping rumors, and while some of them will be resolved in a couple of months at WWDC, we may have to wait until September or beyond for the full picture to emerge on others.





This week saw back-and-forth reports about…",https://www.macrumors.com/2023/04/15/top-stories-iphone-15-pro-ios-17-rumors/,https://images.macrumors.com/t/OEh_IU7obSkoYmnCbuQ4xv9Hh0k=/1600x/article-new/2023/04/top-stories-15apr2023.jpg,2023-04-15T13:00:00Z,"It's been a crazy few weeks of flip-flopping rumors, and while some of them will be resolved in a couple of months at WWDC, we may have to wait until September or beyond for the full picture to emerg… [+4077 chars]",Top Stories iPhone 15 Pro and iOS 17 Rumors Apple Card Savings Coming Soon and More,5,Very Positive
37,37,"{'id': None, 'name': 'NPR'}",David Gura,"First Republic Bank shares plummet, reigniting fears about U.S. banking sector","Trading of First Republic Bank shares were halted multiple times today, as investors sold off shares, alarmed by financial disclosures from the bank.",https://www.npr.org/2023/04/26/1172178067/first-republic-bank-silicon-valley-bank-signature-bank-collapse,https://media.npr.org/assets/img/2023/04/26/gettyimages-1248888169_wide-0a8a05d6a94344b9abc650fccf508e123fe5caa8-s1400-c100.jpg,2023-04-26T17:24:32Z,"Shares of First Republic Bank plunged again today, as investors react to financial disclosures from the bank.
NurPhoto / Getty Images
It's been a brutal day on Wall Street for First Republic Bank, … [+3139 chars]",First Republic Bank shares plummet reigniting fears about U. S. banking sector,1,Very Negative
38,38,"{'id': 'business-insider', 'name': 'Business Insider'}",Jason Ma,US stocks climb on strong Chinese economic growth and upbeat earnings,"Bank of America and Johnson & Johnson beat first-quarter earnings views, while Goldman Sachs missed.",https://markets.businessinsider.com/news/stocks/stock-market-news-today-china-gdp-growth-goldman-sachs-earnings-2023-4,https://i.insider.com/63975699a3bebb0018b40e0e?width=1200&format=jpeg,2023-04-18T13:33:56Z,"Traders work on the floor of the New York Stock Exchange (NYSE) on October 27, 2022 in New York City.Spencer Platt/Getty Images
<ul>
<li>US stocks rose Tuesday as China's first-quarter GDP growth of… [+2045 chars]",US stocks climb on strong Chinese economic growth and upbeat earnings,5,Very Positive
39,39,"{'id': 'business-insider', 'name': 'Business Insider'}",Morgan Chittum,US stocks trade mixed as traders wait for next wave of corporate earnings reports,"Bank of America, Goldman Sachs, and Tesla are all expected to deliver quarterly results this week.",https://markets.businessinsider.com/news/stocks/stock-markets-news-dow-nasdaq-corporate-quarterly-earnings-inflation-fed-2023-4,https://i.insider.com/643d429556f0dc0019895fcf?width=1200&format=jpeg,2023-04-17T13:36:54Z,"Stock tradersDrew Angerer/Getty Images
<ul>
<li>Moves in stock indexes were muted Monday on corporate earnings uncertainty.</li>
<li>First-quarter earnings kicked off on Friday, with strong results … [+1847 chars]",US stocks trade mixed as traders wait for next wave of corporate earnings reports,2,Negative
40,40,"{'id': 'business-insider', 'name': 'Business Insider'}",Morgan Chittum,US stocks edge higher as traders get ready for a big week of corporate earnings,"Goldman Sachs, Bank of America, Morgan Stanley, Netflix, and Tesla are all set to report earnings results this week.",https://markets.businessinsider.com/news/stocks/stock-market-news-today-goldman-sachs-tesla-netflix-earnings-inflation-2023-4,https://i.insider.com/643da5c82ddd06001825f277?width=1200&format=jpeg,2023-04-17T20:15:37Z,"Spencer Platt/Getty
<ul>
<li>US stocks rose Monday as investors braced for earnings season to get fully underway this week. </li>
<li>Results from the big banks so far have mostly exceeded Wall Stre… [+2685 chars]",US stocks edge higher as traders get ready for a big week of corporate earnings,2,Negative
41,41,"{'id': 'business-insider', 'name': 'Business Insider'}",Matthew Fox,Apple just launched a high-yield savings account. Here's how it stacks up against competitors.,"Apple partnered with Goldman Sachs on the high-yield savings account, which offers an interest rate of 4.15%.",https://markets.businessinsider.com/news/stocks/apple-high-yield-savings-account-comparison-hysa-yields-aapl-2023-4,https://i.insider.com/643d8400b0521800188070c4?width=1200&format=jpeg,2023-04-17T18:38:00Z,"Apple CEO Tim Cook.Kevin Mazur/Getty Images
<ul><li>Apple launched a high-yield savings account for its Apple Card customers on Monday as it grows its financial product offerings.</li><li>The iPhone… [+2343 chars]",Apple just launched a highyield savings account. Heres how it stacks up against competitors.,5,Very Positive
42,42,"{'id': 'business-insider', 'name': 'Business Insider'}",Dan DeFrancesco,Goldman Sachs M&A team doesn't get out of bed for less than $10 billion,A lull in dealmaking activity hasn't changed the objective for Goldman Sachs — it's still going after the biggest deals.,https://www.businessinsider.com/goldman-sachs-dealmaking-investment-banking-strategy-2023-4,https://i.insider.com/6448074690523900196fda94?width=1200&format=jpeg,2023-04-26T11:10:07Z,"Halfway there! Dan DeFrancesco in NYC. After reading this story about a soccer team refunding its fans following a dreadful performance, I'm doing the math on how much I'm owed as a lifelong fan of t… [+4612 chars]",Goldman Sachs MA team doesnt get out of bed for less than 10 billion,1,Very Negative
43,43,"{'id': 'business-insider', 'name': 'Business Insider'}",Dan DeFrancesco,Goldman Sachs' David Solomon had the right idea. But that's only half the problem.,David Solomon's initial plans for turning Goldman Sachs into a Main Street bank would have served the firm well as the M&A drought continues.,https://www.businessinsider.com/goldman-sachs-david-solomon-consumer-strategy-q1-earnings-2023-4,https://i.insider.com/643ef6642ddd060018261bf8?width=1200&format=jpeg,2023-04-19T11:46:07Z,"Hey there! Dan DeFrancesco in NYC. If you're feeling bummed about missing Coachella, don't be. These photos from the event demonstrate the difference between Instagram and reality at the music festiv… [+4545 chars]",Goldman Sachs David Solomon had the right idea. But thats only half the problem.,3,Neutral
44,44,"{'id': 'business-insider', 'name': 'Business Insider'}",Jeffrey Cane,Goldman Sachs' David Solomon invested in a luxury real-estate developer his bank failed to win business from,"Goldman Sachs tried to do business with a luxury real-estate developer. It didn't get the deal, but its CEO bought some of the shares instead.",https://www.businessinsider.com/david-solomon-goldman-sachs-real-estate-bahamas-2023-4,https://i.insider.com/6446a2c3120cd7001865dda3?width=1200&format=jpeg,2023-04-24T16:46:10Z,"Goldman Sachs' David Solomon.Goldman Sachs

<ul>
<li>Goldman Sachs CEO David Solomon owns shares in a luxury real-estate developer, according to the NYT.</li>
<li>The developer built a Bahamas resor… [+3082 chars]",Goldman Sachs David Solomon invested in a luxury realestate developer his bank failed to win business from,1,Very Negative
45,45,"{'id': 'business-insider', 'name': 'Business Insider'}",Zinya Salfiti,"The dollar is at 'real risk' as the political deadlock over the US debt ceiling undermines investor confidence, Goldman Sachs' Beth Hammack says","""I think there is real risk to the US dollar as we leave this in a more protracted state of negotiations,"" Goldman Sachs' Beth Hammack said.",https://markets.businessinsider.com/news/currencies/goldman-sachs-hammack-us-debt-default-real-risk-greenback-dollar-2023-5,https://i.insider.com/645b78a465a21600192fe485?width=1200&format=jpeg,2023-05-10T16:23:29Z,"SimpleImages
<ul>
<li>The political deadlock over the US debt ceiling poses a 'real risk' to the dollar, according to Goldman Sachs' Beth Hammack.</li>
<li>""There is real risk to the US dollar as we… [+2486 chars]",The dollar is at real risk as the political deadlock over the US debt ceiling undermines investor confidence Goldman Sachs Beth Hammack says,1,Very Negative
46,46,"{'id': 'business-insider', 'name': 'Business Insider'}","Sophia Acevedo, CEPF",Apple launches a high-yield savings account for Apple Card users paying 4.15% APY,"Apple released a new high-yield savings account from Goldman Sachs for Apple Card users. The account pays 4.15% APY, and it has no fees or minimum balance requirements.",https://www.businessinsider.com/personal-finance/apple-launches-high-yield-savings-account-2023-4,https://i.insider.com/643d7fce0a29b4001880e02f?width=1200&format=jpeg,2023-04-17T19:56:00Z,"Our experts answer readers' banking questions and write unbiased product reviews (here's how we assess banking products). In some cases, we receive a commission from our partners; however, our opinio… [+4639 chars]",Apple launches a highyield savings account for Apple Card users paying 4. 15 APY,5,Very Positive
47,47,"{'id': 'business-insider', 'name': 'Business Insider'}",Morgan Chittum,"Investors should own metals and mining stocks as commodities are the next sector to boom after China's reopening, Goldman Sachs chief stock strategist says","Analysts at Goldman forecast a 30% upside in the next year for the S&P GSCI, an index that broadly measures the performance of commodities.",https://markets.businessinsider.com/news/stocks/stock-market-picks-goldman-sachs-investing-outlook-china-economy-reopening-2023-4,https://i.insider.com/6449178412a82b00192f9760?width=1200&format=jpeg,2023-04-26T14:41:20Z,"Shenzhen, ChinaTuul & Bruno Morandi/Getty Images
<ul>
<li>Goldman Sachs chief US equity strategist broke down the bull case for metal and mining stocks.</li>
<li>David Kostin points to US companies … [+1675 chars]",Investors should own metals and mining stocks as commodities are the next sector to boom after Chinas reopening Goldman Sachs chief stock strategist says,1,Very Negative
48,48,"{'id': 'business-insider', 'name': 'Business Insider'}",Carla Mozée,"The US could hit the debt ceiling deadline in June, sooner than expected amid weak tax collections, Goldman Sachs says","Congress may have less time to raise the debt limit as the deadline could hit in June if tax receipts continue to undershoot, Goldman says.",https://markets.businessinsider.com/news/stocks/debt-ceiling-deadline-limit-default-congress-democrats-republicans-economy-biden-2023-4,https://i.insider.com/643eb2840a29b400188102a7?width=1200&format=jpeg,2023-04-18T17:06:20Z,"US President Joe Biden and House Speaker Kevin McCarthy depart the US Capitol on Saint Patrick's Day.Drew Angerer/Getty Images
<ul>
<li>The US government may hit its debt limit in June, which would … [+3401 chars]",The US could hit the debt ceiling deadline in June sooner than expected amid weak tax collections Goldman Sachs says,1,Very Negative
49,49,"{'id': 'business-insider', 'name': 'Business Insider'}",George Glover,Goldman Sachs drops its call for a Fed interest-rate hike in June,Goldman's chief economist Jan Hatzius also said that there's just a 35% probability of a US recession in the next 12 months.,https://markets.businessinsider.com/news/stocks/goldman-sachs-federal-reserve-interest-rates-inflation-stock-market-analysis-2023-4,https://i.insider.com/6437baf95f081b0019c0f2d3?width=1200&format=jpeg,2023-04-13T10:11:53Z,"Goldman Sachs has dropped its prediction that the Federal Reserve will raise interest rates in June.Chris Hondros/Getty Images
<ul>
<li>The Federal Reserve isn't going to raise interest rates beyond… [+3414 chars]",Goldman Sachs drops its call for a Fed interestrate hike in June,1,Very Negative
50,50,"{'id': 'business-insider', 'name': 'Business Insider'}",Phil Rosen,"De-dollarization attempts will remain contained and constrained for a long time to come, Goldman Sachs says","Threats to the dollar mostly hinge on lots of talk and ""not a lot of action,"" bank strategists wrote in a note to clients.",https://markets.businessinsider.com/news/currencies/dollar-dominance-dedollarization-goldman-sachs-china-yuan-renminbi-brazil-russia-2023-4,https://i.insider.com/634d7c72410f430018148cbc?width=1200&format=jpeg,2023-04-25T15:47:38Z,"SimpleImages
<ul>
<li>The dollar won't lose its dominance on the world stage for a long time, according to Goldman Sachs.</li>
<li>Threats to the greenback will remain contained and constrained, the… [+2162 chars]",Dedollarization attempts will remain contained and constrained for a long time to come Goldman Sachs says,4,Positive
51,51,"{'id': 'business-insider', 'name': 'Business Insider'}",Theron Mohamed,"The banking fiasco sent shockwaves through markets - and now threatens to curb growth and lending, Goldman CEO David Solomon says","The recent collapse of two US banks caused historic volatility in Treasury yields, and could prompt lenders to pull back, David Solomon said.",https://markets.businessinsider.com/news/stocks/goldman-sachs-david-solomon-banking-crisis-volatility-growth-credit-markets-2023-4,https://i.insider.com/63eb8ffc64d0880018eb20cf?width=1200&format=jpeg,2023-04-19T11:43:48Z,"David Solomon.REUTERS/Danny Moloshok
<ul>
<li>David Solomon warns the banking turmoil may hit lending and curb fundraising in public markets.</li>
<li>The Goldman Sachs CEO says the chaos led to mas… [+2588 chars]",The banking fiasco sent shockwaves through markets and now threatens to curb growth and lending Goldman CEO David Solomon says,1,Very Negative
52,52,"{'id': 'business-insider', 'name': 'Business Insider'}",Matt Turner,Big Tech is pursuing 'the year of efficiency.' It could get supercharged by AI.,"In Insider Today's Sunday edition, business editor-in-chief Matt Turner breaks down why Big Tech's new focus on efficiency could have far-reaching impacts.",https://www.businessinsider.com/big-tech-hiring-will-get-hit-by-ai-2023-4,https://i.insider.com/637cf29ada9aea00181da41a?width=1200&format=jpeg,2023-04-30T12:30:07Z,"AndreyPopov/Getty Images
Hi, I'm Matt Turner, the editor in chief of business at Insider. Welcome back to Insider Today's Sunday edition, a roundup of some of our top stories. On the agenda today:<u… [+5558 chars]",Big Tech is pursuing the year of efficiency. It could get supercharged by AI.,5,Very Positive
53,53,"{'id': 'business-insider', 'name': 'Business Insider'}",Sawdah Bhaimiya,"Samsung bans employees from using AI tools like ChatGPT and Google Bard after an accidental data leak, report says","Samsung said staff who ""breach or compromise"" company data through the use of generative AI tools risk being fired.",https://www.businessinsider.com/samsung-chatgpt-bard-data-leak-bans-employee-use-report-2023-5,https://i.insider.com/64510a6a8b6329001b555b26?width=1200&format=jpeg,2023-05-02T13:08:11Z,"Samsung has banned the use of AI tools in the workplace.Chung Sung-Jun/Getty Images
<ul>
<li>Samsung has banned employees from using ChatGPT in the workplace, per Bloomberg.</li>
<li>This comes afte… [+2731 chars]",Samsung bans employees from using AI tools like ChatGPT and Google Bard after an accidental data leak report says,1,Very Negative
54,54,"{'id': 'business-insider', 'name': 'Business Insider'}",Amanda Perelli,Insider is seeking for nominations for our inaugural list of rising stars in influencer talent management,"We want to know: Who are the rising stars in influencer talent management, working with creators on YouTube, Instagram, and TikTok?",https://www.businessinsider.com/seeking-nominations-for-rising-influencer-talent-managers-2023-5,https://i.insider.com/63a0eb49d7277f00193f5ebf?width=1200&format=jpeg,2023-05-02T12:48:45Z,"David Espejo/Getty Images
<ul>
<li>Insider is seeking nominations for our inaugural list of rising stars managing influencers.</li>
<li>Nominees must be 35 years old or younger, and work in influenc… [+1220 chars]",Insider is seeking for nominations for our inaugural list of rising stars in influencer talent management,5,Very Positive
55,55,"{'id': 'business-insider', 'name': 'Business Insider'}","Aaron Mok,Madison Hoff",An AI recruiter may be choosing if you get your job — and people aren't happy about it,"66% of American adults don't want to apply for jobs when AI is involved in hiring, per a new study from the Pew Research Center.",https://www.businessinsider.com/americans-wont-apply-to-jobs-with-ai-recruiter-study-2023-4,https://i.insider.com/6447f45d90523900196fd515?width=1200&format=jpeg,2023-04-25T20:09:39Z,"66% of Americans surveyed said they would not want to apply for a job that uses AI to make hiring decisions, according to the Pew Research Center.Paper Boat Creative/Getty Images
<ul>
<li>Companies … [+3620 chars]",An AI recruiter may be choosing if you get your job and people arent happy about it,3,Neutral
56,56,"{'id': 'business-insider', 'name': 'Business Insider'}",Morgan Chittum,Morgan Stanley's US stock chief sees more than 20% downside coming for the S&P 500 and warns of an earnings recession on banking sector turmoil,"Mike Wilson reiterated his base-case scenario for the S&P 500 to end the year at 3,900, but along the way it will hit a trough at 3,000-3,300.",https://markets.businessinsider.com/news/stocks/stock-market-crash-recession-morgan-stanley-mike-wilson-bank-crisis-2023-4,https://i.insider.com/635ab3ebea35650019e07b07?width=1200&format=jpeg,2023-04-13T20:31:37Z,"John W Banagan / Investing
<ul>
<li>Morgan Stanley's Mike Wilson backed his forecast for an earnings recession amid banking sector concerns.</li>
<li>The equity strategist sees the S&P 500 falling m… [+1651 chars]",Morgan Stanleys US stock chief sees more than 20 downside coming for the SP 500 and warns of an earnings recession on banking sector turmoil,2,Negative
57,57,"{'id': 'business-insider', 'name': 'Business Insider'}",Matthew Fox,Apple reportedly attracted $1 billion in deposits into its new high-yield savings account in just 4 days,"More than 240,000 savings accounts were opened in the first four days of launch, which represents just 0.002% of Apple's US iPhone user base.",https://markets.businessinsider.com/news/stocks/apple-gained-1-billion-new-deposits-high-yield-savings-account-2023-5,https://i.insider.com/64512fa9a19cbe00192dbc94?width=1200&format=jpeg,2023-05-02T16:40:38Z,"Apple CEO Tim Cook.Emma McIntyre/WireImage
<ul><li>Apple gained nearly $1 billion in deposits into its new high-yield savings account in just four days, according to a Forbes report.</li><li>The iPh… [+1855 chars]",Apple reportedly attracted 1 billion in deposits into its new highyield savings account in just 4 days,1,Very Negative
58,58,"{'id': 'business-insider', 'name': 'Business Insider'}",Matthew Fox,'Another masterpiece performance': Apple earnings ease investor concerns of iPhone slowdown as $90 billion buyback helps boost stock,"Apple stock jumped 4.5% on Friday, adding $119 billion to the company's market value, which stood at about $2.77 trillion.",https://markets.businessinsider.com/news/stocks/apple-earnings-iphone-slowdown-90-billion-stock-buyback-dividend-increase-2023-5,https://i.insider.com/6454f9fedcb78700180d01c7?width=1200&format=jpeg,2023-05-05T14:17:06Z,"Tim Cook visits an Apple store in New York City on September 16.Kevin Mazur/Getty Images
<ul><li>Apple's latest earnings report exceeded analyst expectations and alleviated concerns of a slowdown in… [+3411 chars]",Another masterpiece performance Apple earnings ease investor concerns of iPhone slowdown as 90 billion buyback helps boost stock,5,Very Positive
59,59,"{'id': 'business-insider', 'name': 'Business Insider'}",Matthew Fox,'Solid iPhone demand to offset Mac weakness': Here's what Wall Street expects from Apple's hotly anticipated earnings report,"""We expect Apple to institute a new buyback authorization and model a 5% dividend increase to $0.24 per share,"" Bank of America said.",https://markets.businessinsider.com/news/stocks/apple-q1-earnings-preview-stock-aapl-iphone-demand-mac-weakness-2023-5,https://i.insider.com/6452b3afb4a8cd00187aa3dc?width=1200&format=jpeg,2023-05-03T20:05:22Z,"Apple CEO Tim Cook gets selfie with visitors, during inauguration of ""Apple Store"", first outlet opened in India, at Bandra-Kurla Complex on April 18, 2023 in Mumbai, India.Anshuman Poyrekar/Hindusta… [+3474 chars]",Solid iPhone demand to offset Mac weakness Heres what Wall Street expects from Apples hotly anticipated earnings report,4,Positive
60,60,"{'id': 'business-insider', 'name': 'Business Insider'}",Phil Rosen,A US recession looks more and more unavoidable as key parts of the economy slow to a crawl,Insider's Phil Rosen breaks down an under-the-radar batch of signals that all point toward a downturn in 2023.,https://www.businessinsider.com/recession-outlook-goldman-sachs-trucking-freight-downturn-economy-markets-2023-4,https://i.insider.com/6448278d90523900196fe249?width=1200&format=jpeg,2023-04-26T10:16:07Z,"Howdy, readers. Phil Rosen here, reporting from New York City. 
For many months now, I've been having conversations and writing about economic indicators that all point to a recession. 
But it stil… [+4051 chars]",A US recession looks more and more unavoidable as key parts of the economy slow to a crawl,1,Very Negative
61,61,"{'id': 'business-insider', 'name': 'Business Insider'}",Zinya Salfiti,"The credit crunch is here and it could cripple the economy. Here's what Larry Summers, Nouriel Roubini and 7 other experts have said on the emerging threat.","Larry Summers, Mike Wilson, Nouriel Roubini and Bill Gross are among those who have warned of the economic and market impact of a credit crunch.",https://markets.businessinsider.com/news/stocks/larry-summers-nouriel-roubini-gundlach-david-solomon-credit-crunch-recession-2023-4,https://i.insider.com/643fa12e3f6f690018de70c3?width=1200&format=jpeg,2023-04-20T09:46:08Z,"Money under lockAslan Alphan/Getty Images
<ul>
<li>The banking turmoil has spawned a new worry for investors: a credit slump that's threatening the economy.</li>
<li>Latest bank lending data suggest… [+5609 chars]",The credit crunch is here and it could cripple the economy. Heres what Larry Summers Nouriel Roubini and 7 other experts have said on the emerging threat.,4,Positive
62,62,"{'id': 'business-insider', 'name': 'Business Insider'}",Theron Mohamed,Warren Buffett slams banks for hiding their losses - and reveals he sold some bank stocks after spotting red flags,"Warren Buffett blasted banks for reporting misleading profits, and underlined the importance of faith in the financial system.",https://markets.businessinsider.com/news/stocks/warren-buffett-bank-stocks-accounting-banking-crisis-failures-svb-fdic-2023-4,https://i.insider.com/64357cdb2588f70018ce49a4?width=1200&format=jpeg,2023-04-12T12:17:38Z,"Warren Buffett.AP Images
<ul>
<li>Warren Buffett slammed banks for engaging in misleading accounting to inflate their profits.</li>
<li>The Berkshire Hathaway CEO said he sold stakes in banks after … [+2431 chars]",Warren Buffett slams banks for hiding their losses and reveals he sold some bank stocks after spotting red flags,1,Very Negative
63,63,"{'id': 'business-insider', 'name': 'Business Insider'}",Beatrice Nolan,"AI is doing the work of 250 people at an energy company and satisfying customers better than trained workers, CEO says","Writing in The Times of London, Octopus Energy CEO Greg Jackson said the company has been experimenting with AI for months.",https://www.businessinsider.com/ai-work-automation-octopus-energy-greg-jackson-2023-5,https://i.insider.com/645a1fb3c726bc00196a87cd?width=1200&format=jpeg,2023-05-09T10:31:03Z,"Octopus Energy CEO Greg Jackson alongside former UK leader Boris Johnson.Leon Neal - WPA Pool /Getty Images
<ul>
<li>The CEO of Octopus Energy says AI is doing the work of hundreds of people at the … [+1848 chars]",AI is doing the work of 250 people at an energy company and satisfying customers better than trained workers CEO says,5,Very Positive
64,64,"{'id': 'business-insider', 'name': 'Business Insider'}",Filip De Mott,"Stocks will have to plummet like in 2008 for the GOP to raise the debt ceiling, House Democrat says","""Sadly, I think it's going to take that kind of market signal to wake my ideologically frenzied friends up,"" Rep. Jim Himes said.",https://markets.businessinsider.com/news/stocks/stock-market-crash-debt-ceiling-crisis-us-default-democrat-republican-2023-4,https://i.insider.com/6447c8b56001ce0019063e30?width=1200&format=jpeg,2023-04-25T14:22:25Z,"Rep. Jim Himes.Joshua Roberts-Pool/Getty Images
<ul>
<li>Stocks have to crash for the GOP to raise the debt limit without conditions, Rep. Jim Himes said.</li>
<li>The key House Democrat drew a para… [+2221 chars]",Stocks will have to plummet like in 2008 for the GOP to raise the debt ceiling House Democrat says,2,Negative
65,65,"{'id': 'business-insider', 'name': 'Business Insider'}",Morgan Chittum,US stocks fall after Fed raises rates but points to possible pause on further increases,Hopes for a pivot to rate cuts from the Fed were dampened after Chairman Jerome Powell expressed optimism about avoiding a recession.,https://markets.businessinsider.com/news/stocks/stock-market-news-today-fed-signals-future-rate-hike-pause-2023-5,https://i.insider.com/640f546aa3b2a10018b2b2f1?width=1200&format=jpeg,2023-05-03T20:09:56Z,"The central bank hiked rates by 25 basis points, as was widely expected.TIMOTHY A. CLARY / Getty
<ul>
<li>US stocks fell on Wednesday as markets digested the latest Fed rate hike of 25 basis points.… [+2212 chars]",US stocks fall after Fed raises rates but points to possible pause on further increases,2,Negative
66,66,"{'id': 'business-insider', 'name': 'Business Insider'}",Jennifer Sor,US stocks trade mixed as investors assess wave of earnings results from big companies,Earnings season has kicked off in earnest. Investors are looking past results from the biggest banks and getting ready for big tech firms to report.,https://markets.businessinsider.com/news/stocks/stock-market-news-today-bofa-gs-jnj-corporate-earnings-economy-2023-4,https://i.insider.com/5e7cc4132d41c150481afc74?width=1200&format=jpeg,2023-04-18T20:24:04Z,"Traders work on the floor of the New York Stock Exchange (NYSE) in New York, U.S., March 20, 2020Lucas Jackson/Reuters
<ul>
<li>Stocks traded mixed on Tuesday as investors digested the wave of earni… [+2430 chars]",US stocks trade mixed as investors assess wave of earnings results from big companies,3,Neutral
67,67,"{'id': 'business-insider', 'name': 'Business Insider'}",Jennifer Sor,"Putin says Russia lost $15 billion in oil and gas revenue last quarter, but thinks the hole can be filled in the next few months","Russia's oil and gas revenue fell by $15.8 billion last quarter, contributing to a $29 billion budget deficit.",https://markets.businessinsider.com/news/commodities/russia-economy-putin-gdp-growth-oil-gas-revenue-ukraine-war-2023-4,https://i.insider.com/62665bff9f65660019066aa5?width=1200&format=jpeg,2023-04-13T13:27:26Z,"Russian President Vladimir Putin.Contributor/Getty Images
<ul>
<li>Russia lost over $15 billion in oil and gas revenue over the past quarter.</li>
<li>But that hole in the Kremlin's budget can be fi… [+2284 chars]",Putin says Russia lost 15 billion in oil and gas revenue last quarter but thinks the hole can be filled in the next few months,1,Very Negative
68,68,"{'id': 'business-insider', 'name': 'Business Insider'}",Phil Rosen,US stocks climb as fresh signs point to cooling inflation and a softer labor market,"The March producer price index declined 0.5% month-over-month, more than expected, while weekly jobless claims were higher than estimates.",https://markets.businessinsider.com/news/stocks/stock-market-news-today-ppi-cooling-inflation-data-jobless-claims-2023-4,https://i.insider.com/643801285f081b0019c0f9b1?width=1200&format=jpeg,2023-04-13T13:41:37Z,"Spencer Platt/Getty Images
<ul>
<li>US stocks climbed Thursday as investors took in new economic data that pointed to cooling inflation. </li>
<li>Thursday data showed the March producer price index… [+2162 chars]",US stocks climb as fresh signs point to cooling inflation and a softer labor market,2,Negative
69,69,"{'id': 'business-insider', 'name': 'Business Insider'}",Jennifer Sor,"Millennials are fueling a generational housing bubble - and it's set to pop in the next decade as demand drops, researchers say","""Plainly put – a generational housing bubble is on the horizon. New housing built now to meet strong demand may sit vacant in a decade.""",https://markets.businessinsider.com/news/stocks/us-housing-crash-bubble-market-home-prices-millennials-baby-boomers-2023-4,https://i.insider.com/5c6ee348342cca0776632c73?width=1200&format=jpeg,2023-04-26T17:05:10Z,"REUTERS/Jonathan Ernst
<ul>
<li>Millennials are fueling a generational housing bubble, researchers said in a new report.</li>
<li>That's due to demand from Millennials, who are at their peak age ran… [+2268 chars]",Millennials are fueling a generational housing bubble and its set to pop in the next decade as demand drops researchers say,4,Positive
70,70,"{'id': 'business-insider', 'name': 'Business Insider'}",Carla Mozée,Charlie Munger warns of stress in the US commercial property market with banks carrying a lot of bad loans as prices slump,"""A lot of real estate isn't so good any more,"" Berkshire investing legend Charlie Munger told the Financial Times. ""There's a lot of agony out there.""",https://markets.businessinsider.com/news/stocks/charlie-munger-berkshire-hathaway-commercial-real-estate-loans-banks-buffett-2023-5,https://i.insider.com/5e3452b45bc79c17df54e5b5?width=1200&format=jpeg,2023-05-01T14:47:58Z,"Charlie Munger.AP Images / Nati Harnik
<ul>
<li>Warren Buffett's right-hand man Charlie Munger warned of trouble in the commercial property market. </li>
<li>The Berkshire Hathaway investing legend … [+2480 chars]",Charlie Munger warns of stress in the US commercial property market with banks carrying a lot of bad loans as prices slump,1,Very Negative
71,71,"{'id': 'business-insider', 'name': 'Business Insider'}",Ryan Hogg,'Godfather of AI' says the technology could pose a 'more urgent' threat to humankind than climate change,"""With climate change, it's very easy to recommend what you should do: you just stop burning carbon. If you do that, eventually things will be okay. For this it's not at all clear what you should do,"" Geoffrey Hinton told Reuters.",https://www.businessinsider.com/godfather-geoffrey-hinton-ai-more-urgent-threat-than-climate-change-2023-5,https://i.insider.com/644fe1b9da6d7b0019bdca65?width=1200&format=jpeg,2023-05-06T13:17:34Z,"Computer scientist and former Google Brain VP Geoffrey Hinton.Noah Berger/Associated Press
<ul>
<li>Artificial intelligence could present a more urgent danger to the world than climate change, Geoff… [+2164 chars]",Godfather of AI says the technology could pose a more urgent threat to humankind than climate change,4,Positive
72,72,"{'id': 'business-insider', 'name': 'Business Insider'}",Britney Nguyen,A Chinese company is reportedly planning to replace some human copywriters and graphic designers with AI,A memo seen by Bloomberg shows a major Chinese media and PR company plans to replace its outside copywriters and graphic designers with AI.,https://www.businessinsider.com/chinese-company-to-replace-some-copywriters-graphic-designers-ai-report-2023-4,https://i.insider.com/643965fb028f6800183d9a7a?width=1200&format=jpeg,2023-04-14T16:44:44Z,"BlueFocus Intelligent Communications Group Co. reportedly has plans to replace some outside copywriters and graphic designers with AI models.Getty Images
<ul>
<li>A marketing company in China report… [+2655 chars]",A Chinese company is reportedly planning to replace some human copywriters and graphic designers with AI,1,Very Negative
73,73,"{'id': 'business-insider', 'name': 'Business Insider'}",Cheryl Teh,The former CEO of Reddit says laid-off tech workers should get in on AI because 'you don't need an enormous amount of technical skill' to make an AI app,"""It feels like a hype train, but actually there's an enormous amount of value overhang,"" former Reddit CEO Yishan Wong told Fortune.",https://www.businessinsider.com/former-reddit-ceo-laid-off-tech-workers-should-explore-ai-2023-4,https://i.insider.com/6448cbb612a82b00192f9346?width=1200&format=jpeg,2023-04-26T08:50:23Z,"Yishan Wong, CEO of Terraformation.Terraformation
<ul>
<li>Yishan Wong, the former CEO of Reddit, has advice for tech workers: Get into AI now. </li>
<li>""You don't need an enormous amount of techni… [+2284 chars]",The former CEO of Reddit says laidoff tech workers should get in on AI because you dont need an enormous amount of technical skill to make an AI app,2,Negative
74,74,"{'id': 'business-insider', 'name': 'Business Insider'}",Dan DeFrancesco,"Recasting the upcoming GameStop movie: Here's who should play Ken Griffin, Steve Cohen, and the rest of the gang","Hollywood is heading back to Wall Street with a movie about the GameStop trading frenzy, but the casting of the movie is all wrong.",https://www.businessinsider.com/dumb-money-cast-gamestop-meme-stock-trading-frenzy-2023-4,https://i.insider.com/644941cab81bcf0018372955?width=1200&format=jpeg,2023-04-27T11:56:06Z,"Almost Friday! Dan DeFrancesco in NYC.
Today, we've got stories on a Goldman Sachs shareholder asking about David Solomon's use of the bank's jets, Wall Street's ""new"" money, and what you need to do… [+6029 chars]",Recasting the upcoming GameStop movie Heres who should play Ken Griffin Steve Cohen and the rest of the gang,4,Positive
75,75,"{'id': 'business-insider', 'name': 'Business Insider'}","Madison Hall,Bryan Metzger","Texas GOP congresswoman who fundraised with George Santos never got her share of the money, campaign says",Rep. Beth Van Duyne had a joint fundraising committee with Rep. George Santos. Her campaign says they never got their share of the money.,https://www.businessinsider.com/george-santos-beth-van-duyne-joint-fundraising-committee-2023-4,https://i.insider.com/643e99810a29b4001880fd03?width=1200&format=jpeg,2023-04-18T14:33:11Z,"Tom Williams/CQ-Roll Call, Inc via Getty Images
<ul>
<li>Rep. Beth Van Duyne had a joint committee with George Santos in 2022 and raised more than $11,000.</li>
<li>But the Texas congresswoman's cam… [+3361 chars]",Texas GOP congresswoman who fundraised with George Santos never got her share of the money campaign says,1,Very Negative
76,76,"{'id': 'business-insider', 'name': 'Business Insider'}",Jennifer Sor,Paul Krugman warns a US debt default would mean economic disaster. Here are 3 things Biden can do if lawmakers fail to strike a deal.,"Failing to raise the debt ceiling could spark a financial crisis as bad or even worse than 2008, according to top economist Paul Krugman.",https://markets.businessinsider.com/news/bonds/paul-krugman-debt-ceiling-default-republicans-nyt-economy-financial-crisis-2023-4,https://i.insider.com/62d1748d06bc8f00188ee94d?width=1200&format=jpeg,2023-04-19T14:51:07Z,"Economist Paul Krugman.Ricardo Rubio/Europa Press via Getty Images
<ul>
<li>A US default cause be failure to raise the debt ceiling would bring on disaster, Paul Krugman said.</li>
<li>That's becaus… [+2888 chars]",Paul Krugman warns a US debt default would mean economic disaster. Here are 3 things Biden can do if lawmakers fail to strike a deal.,1,Very Negative
77,77,"{'id': 'business-insider', 'name': 'Business Insider'}",Bryan Metzger,"George Santos, who lied about his own employment history, wants to make the GOP's new work requirements even tougher","Threatening to tank the GOP's debt ceiling bill, Santos proposed an amendment that would increase new work requirements from 20 to 30 hours per week.",https://www.businessinsider.com/george-santos-debt-ceiling-work-requirements-budget-lies-2023-4,https://i.insider.com/6447f4dd90523900196fd52a?width=1200&format=jpeg,2023-04-25T17:04:37Z,"The scandal-plagued New York congressman has threatened to vote against the GOP’s new budget bill.Jonathan Ernst/Reuters
<ul>
<li>George Santos has threatened to vote against the GOP's new debt ceil… [+2859 chars]",George Santos who lied about his own employment history wants to make the GOPs new work requirements even tougher,5,Very Positive
78,78,"{'id': 'business-insider', 'name': 'Business Insider'}",Grace Mayer,The 'Godfather of AI' quit Google — and says he now regrets his role creating technology that poses a threat to humanity,"Geoffrey Hinton, who worked at Google for over a decade, told the New York Times he regrets his role in developing AI technologies.",https://www.businessinsider.com/geoffrey-hinton-godfather-of-ai-quits-google-sounds-alarm-chatbots-2023-5,https://i.insider.com/644fe1b9da6d7b0019bdca65?width=1200&format=jpeg,2023-05-01T18:33:21Z,"Geoffrey Hinton, a trailblazer in the AI field, recently quit his job at Google and said he regrets the role he played in developing the technology.Noah Berger/Associated Press
<ul>
<li>Geoffrey Hin… [+3607 chars]",The Godfather of AI quit Google and says he now regrets his role creating technology that poses a threat to humanity,1,Very Negative
79,79,"{'id': 'business-insider', 'name': 'Business Insider'}",Sawdah Bhaimiya,"Workers say they're engaging in 'productivity theater' for over 10 hours a week to appear busy, a survey shows",Workers are finding new ways to gain recognition from employers by engaging in tasks that make them look productive rather than actually being productive.,https://www.businessinsider.com/american-workers-use-productivity-theater-performative-work-to-look-busy-2023-5,https://i.insider.com/64521918590d7f0018b79c2a?width=1200&format=jpeg,2023-05-03T14:13:04Z,"Performative work refers to tasks that workers do to create the appearance of being busy.10'000 hours/Getty Im
<ul>
<li>Workers are engaging in ""productivity theatre"" to look busy at work, a new sur… [+3645 chars]",Workers say theyre engaging in productivity theater for over 10 hours a week to appear busy a survey shows,1,Very Negative
80,80,"{'id': 'business-insider', 'name': 'Business Insider'}",Carla Mozée,"The banking crisis is in its early stages and the Fed should opt for a 'hawkish pause' to rate hikes, former Dallas Fed President says","The upheaval in regional banks is only in the ""second or third inning,"" former Dallas Fed chief Robert Kaplan told Bloomberg.",https://markets.businessinsider.com/news/stocks/banking-crisis-federal-reserve-rate-hike-meeting-pause-stocks-kaplan-2023-5,https://i.insider.com/644feabada6d7b0019bdcc5d?width=1200&format=jpeg,2023-05-03T14:17:10Z,"Federal Reserve Chair Jerome Powell attends a March 2023 press conference in Washington, DC.Liu Jie/Xinhua via Getty Images
<ul>
<li>The Fed should issue a ""hawkish pause"" in its rate hike cycle, th… [+2930 chars]",The banking crisis is in its early stages and the Fed should opt for a hawkish pause to rate hikes former Dallas Fed President says,2,Negative
81,81,"{'id': 'business-insider', 'name': 'Business Insider'}",Aaron Mok,"It's not AI that is going to take you job, but someone who knows how to use AI might, economist says","AI is ""giving more power to all workers, but especially those average workers,"" Richard Baldwin, an economist, said at a World Economic Forum panel.",https://www.businessinsider.com/ai-wont-take-your-job-someone-who-uses-it-might-2023-5,https://i.insider.com/64517e2ba19cbe00192dd25e?width=1200&format=jpeg,2023-05-03T08:00:07Z,"Richard Baldwin, an economist and professor, at the World Economic Forum's annual meeting in 2022.World Economic Forum/Michael Calabrò
<ul>
<li>AI won't take your job —  if you know how to use it, e… [+2525 chars]",Its not AI that is going to take you job but someone who knows how to use AI might economist says,3,Neutral
82,82,"{'id': 'business-insider', 'name': 'Business Insider'}",Ryan Hogg,"Why First Republic failed, and what it means for the rest of the banking industry","First Republic was taken over by regulators and is being bought by JPMorgan, protecting $92 billion of deposits, but the banking crisis is not over.",https://www.businessinsider.com/why-first-republic-failed-what-means-rest-banking-industry-2023-5,https://i.insider.com/64126bb8c3612f00185c332c?width=1200&format=jpeg,2023-05-01T12:20:01Z,"First Republic's San Francisco headquarters.Justin Sullivan/Getty Images
<ul>
<li>First Republic was bought by JPMorgan Monday after regulators took control of the bank.</li>
<li>Withdrawals by cust… [+3688 chars]",Why First Republic failed and what it means for the rest of the banking industry,1,Very Negative
83,83,"{'id': 'business-insider', 'name': 'Business Insider'}",Dan DeFrancesco,Davos vs. Milken: Battle of the high-profile conferences,"Another Milken conference just wrapped, which begs the question: Is it finance's most high-profile conference?",https://www.businessinsider.com/milken-conference-vs-davos-financial-2023-5,https://i.insider.com/64541126b4a8cd00187ad3a7?width=1200&format=jpeg,2023-05-05T11:16:08Z,"Happy Cinco de Mayo! Dan DeFrancesco in NYC, and my ego has been shattered after getting a hotness rating of 4.9 from this AI. If you're feeling bold, or vain, get yourself rated here.
Fun Fact Frid… [+4952 chars]",Davos vs. Milken Battle of the highprofile conferences,5,Very Positive
84,84,"{'id': 'business-insider', 'name': 'Business Insider'}",Zahra Tayeb,"De-dollarization is undeniable, and the debate about the greenback's dominance is heating up. Here's what Elon Musk, Ray Dalio, Chamath Palihapitiya and 7 others are saying.","A number of countries are lining up plans to dethrone the greenback as part of an accelerating de-dollarization trend. Here's what Elon Musk, Ray Dalio, and others are saying.",https://markets.businessinsider.com/news/currencies/dedollarization-currencies-elon-musk-ray-dalio-chamath-palihapitiya-2023-5,https://i.insider.com/60f54b71bc757c001904b991?width=1200&format=jpeg,2023-05-01T10:30:06Z,"US dollarSopa Images/Getty Images
<ul>
<li>An increasing number of nations are making plans to break away from the dollar's dominance of global trade and investment flows.</li>
<li>China has pursued… [+7043 chars]",Dedollarization is undeniable and the debate about the greenbacks dominance is heating up. Heres what Elon Musk Ray Dalio Chamath Palihapitiya and 7 others are saying.,1,Very Negative
85,85,"{'id': 'business-insider', 'name': 'Business Insider'}",Phil Rosen,March CPI and the Fed's next steps in its inflation battle: Everything to know,Insider's Phil Rosen breaks down what to know as the latest inflation data comes out and how the Fed may adjust course in policy.,https://www.businessinsider.com/march-cpi-inflation-federal-reserve-economy-blackrock-markets-investing-forecast-2023-4,https://i.insider.com/6435a1f32588f70018ce5234?width=1200&format=jpeg,2023-04-12T10:00:13Z,"Well, well, well if it isn't another CPI day. Phil Rosen here March's inflation report is due at 8:30 a.m. ET today.
Here's how FactSet data predicts things to shake out: 
<ul><li>CPI climbed 0.3% … [+5213 chars]",March CPI and the Feds next steps in its inflation battle Everything to know,5,Very Positive
86,86,"{'id': 'business-insider', 'name': 'Business Insider'}",Dan DeFrancesco,JPMorgan just killed Wall Street's WFH dreams,The decision by the biggest US bank to require its executives to stop working from home could lead to a wider shift in WFH policies across finance.,https://www.businessinsider.com/jpmorgan-new-in-office-policy-impacts-other-banks-2023-4,https://i.insider.com/6436c6ca2588f70018ce725a?width=1200&format=jpeg,2023-04-13T11:00:14Z,"Almost Friday! Dan DeFrancesco in NYC, and I'd like to give a warm welcome to the city's first-ever director of rodent mitigation, Kathleen Corradi. As a former elementary school teacher, Corradi is … [+4983 chars]",JPMorgan just killed Wall Streets WFH dreams,1,Very Negative
87,87,"{'id': 'business-insider', 'name': 'Business Insider'}",Theron Mohamed,"Warren Buffett dumped several banks after spotting red flags in their financials. Here's what spooked him, and which stocks he sold.","Warren Buffett accused bank bosses of deceptive accounting and reckless mismanagement, and said he saw trouble brewing in the sector.",https://markets.businessinsider.com/news/stocks/warren-buffett-berkshire-hathaway-bank-stocks-sales-portfolio-banking-crisis-2023-4,https://i.insider.com/5e31997f3ac0c97ec9379356?width=1200&format=jpeg,2023-04-19T09:46:07Z,"Warren Buffett.REUTERS/Rick Wilking
<ul>
<li>Warren Buffett sold his stakes in several banks after spotting red flags in their financials.</li>
<li>The famed investor said their bosses were acting r… [+4458 chars]",Warren Buffett dumped several banks after spotting red flags in their financials. Heres what spooked him and which stocks he sold.,1,Very Negative
88,88,"{'id': 'business-insider', 'name': 'Business Insider'}",Phil Rosen,The housing market's fluctuations of the last year have left the best forecasters torn on what home prices will do in 2023,Insider's Phil Rosen breaks down why economists can't seem to agree on what comes next for the up-and-down housing market.,https://www.businessinsider.com/housing-market-forecasters-home-prices-currency-investing-real-estate-finance-2023-4,https://i.insider.com/64370eeae955f50018faa363?width=1200&format=jpeg,2023-04-13T10:00:13Z,"Hey readers. I'm Phil Rosen, writing to you from midtown Manhattan, where I've attended a handful of events the last two days for NFT NYC. Across cocktail parties and dance floors, everyone here is b… [+4817 chars]",The housing markets fluctuations of the last year have left the best forecasters torn on what home prices will do in 2023,2,Negative
89,89,"{'id': 'business-insider', 'name': 'Business Insider'}",Matt Turner,Tesla's price cuts highlight Elon Musk's last advantage in the EV business,"In Insider Today's Sunday edition, business editor-in-chief Matt Turner breaks down why Tesla's price cuts highlight Elon Musk's last advantage in the EV business.",https://www.businessinsider.com/tesla-price-cuts-elon-musk-last-advantage-2023-4,https://i.insider.com/6435dcd52588f70018ce5f72?width=1200&format=jpeg,2023-04-23T14:33:24Z,"Elon Musk.Dimitrios Kambouris/Getty Images
Hi, I'm Matt Turner, the editor-in-chief of business at Insider. Welcome back to Insider Today's Sunday edition, a roundup of some of our top stories. On t… [+5482 chars]",Teslas price cuts highlight Elon Musks last advantage in the EV business,5,Very Positive
90,90,"{'id': 'business-insider', 'name': 'Business Insider'}",Matt Turner,First Republic handed out billions in ultra-low-rate mortgages to the wealthy. It backfired horribly.,"The bank is now fighting for its survival, after its strategy of winning over wealthy clients with huge mortgage loans went wrong.",https://www.businessinsider.com/why-first-republic-bank-in-trouble-mortgages-backfired-rising-rates-2023-4,https://i.insider.com/6448093090523900196fdb08?width=1200&format=jpeg,2023-04-25T18:38:40Z,"Lucas Jackson/Reuters
<ul>
<li>First Republic is teetering, with the stock down 93% in 2023 and the bank exploring strategic options.</li>
<li>The bank won wealthy clients with the offer of jumbo mo… [+3615 chars]",First Republic handed out billions in ultralowrate mortgages to the wealthy. It backfired horribly.,1,Very Negative
91,91,"{'id': 'business-insider', 'name': 'Business Insider'}",Phil Rosen,"When Jamie Dimon speaks, Wall Street listens - and he just warned of catastrophe",Insider's Phil Rosen looks into the Wall Street mogul's latest comments on the economy and looming debt default.,https://www.businessinsider.com/jpmorgan-jamie-dimon-wall-street-debt-ceiling-catastrophe-markets-finance-2023-5,https://i.insider.com/645d45fcd391de0019bd9de3?width=1200&format=jpeg,2023-05-12T10:10:07Z,"Good morning to everyone except the fast-approaching debt ceiling. Phil Rosen here. 
Over the last week, the so-called ""X-date"" for a US default has commandeered conversations and headlines, with wa… [+4694 chars]",When Jamie Dimon speaks Wall Street listens and he just warned of catastrophe,1,Very Negative
92,92,"{'id': 'business-insider', 'name': 'Business Insider'}",Phil Rosen,The US dollar's outlook is complicated. Here's what to know about the currency's standing on the world stage.,"Insider's Phil Rosen explains how the currency landscape has shifted over the last year, with Russia's invasion of Ukraine marking a turning point.",https://www.businessinsider.com/dollar-outlook-usd-dominance-russia-war-ukraine-outlook-investing-markets-2023-4,https://i.insider.com/643d97dd2ddd06001825edda?width=1200&format=jpeg,2023-04-18T10:16:07Z,"Good morning to everyone, especially to basketball fans on the east coast. I'm Phil Rosen it's hard to keep up with the NBA playoffs here in New York with games running past midnight every night this… [+5064 chars]",The US dollars outlook is complicated. Heres what to know about the currencys standing on the world stage.,3,Neutral
93,93,"{'id': 'business-insider', 'name': 'Business Insider'}",INSIDER,"Hedge fund career guide: What you need to know if you want a job at an elite firm like Citadel, D.E. Shaw, or Point72",Insider has talked to some of the biggest hedge fund managers about what it takes to join their ranks and be successful at their firms.  Here's everything we know.,https://www.businessinsider.com/how-to-get-job-internship-hedge-fund-2023,https://i.insider.com/64384ffee955f50018faca0b?width=1200&format=jpeg,2023-04-13T19:00:24Z,"D.E. Shaw interns.D. E. Shaw
<ul>
<li>The biggest hedge funds are battling it out to attract and retain top talent and outperform peers.</li>
<li>Insider has talked to a number of hedge funds to get… [+4527 chars]",Hedge fund career guide What you need to know if you want a job at an elite firm like Citadel D. E. Shaw or Point72,5,Very Positive
94,94,"{'id': 'business-insider', 'name': 'Business Insider'}",Carla Mozée,"Fears of an earnings recession are overblown and investors shouldn't panic sell as stocks will hold up fine, BMO chief strategist says","US stocks have ""held up quite well"" in the months following an earnings recession, says BMO Capital Markets in looking through historical data.",https://markets.businessinsider.com/news/stocks/stock-market-outlook-earnings-recession-fears-overblown-sp500-economy-bmo-2023-4,https://i.insider.com/6442a821169c0600189655f4?width=1200&format=jpeg,2023-04-23T12:30:08Z,"Traders work on the floor of the NYSE.Thomson Reuters
<ul>
<li>Fears of a coming earnings recession might be overblown, says BMO Capital Markets. </li>
<li>Historical data shows four of the last sev… [+4361 chars]",Fears of an earnings recession are overblown and investors shouldnt panic sell as stocks will hold up fine BMO chief strategist says,1,Very Negative
95,95,"{'id': 'business-insider', 'name': 'Business Insider'}",Phil Rosen,Elite investors and fund managers at the legendary Milken conference warn of a recession and credit crunch,Insider's Phil Rosen breaks down what top money managers are saying at the Milken investing conference in Los Angeles.,https://www.businessinsider.com/milken-conference-elite-investors-recession-credit-crunch-economy-markets-finance-2023-5,https://i.insider.com/6452b74ab4a8cd00187aa574?width=1200&format=jpeg,2023-05-04T10:10:08Z,"Happy Friday eve, readers. Phil Rosen here. Surprising no one, the Fed raised interest rates by 25 basis points yesterday. 
That puts the Fed Funds Rate above 5% for the first time since 2007. Remem… [+5331 chars]",Elite investors and fund managers at the legendary Milken conference warn of a recession and credit crunch,5,Very Positive
96,96,"{'id': 'business-insider', 'name': 'Business Insider'}",Dan DeFrancesco,"Don't look now, but Wall Street bonuses are already trending in the wrong direction","It's still early days, but Wall Streeters hoping for fat bonuses might be in for a rude awakening if market conditions persist.",https://www.businessinsider.com/wall-street-bonuses-investment-banking-trading-asset-management-2023-5,https://i.insider.com/6459379965a21600192fa7dd?width=1200&format=jpeg,2023-05-09T11:30:08Z,"Hiya! Dan DeFrancesco in NYC, and I am pumped for the return of the all-you-can-eat buffet.Today, we've got stories on the biggest takeaways from the Berkshire Hathaway annual shareholders meeting, a… [+4677 chars]",Dont look now but Wall Street bonuses are already trending in the wrong direction,3,Neutral
97,97,"{'id': 'business-insider', 'name': 'Business Insider'}",Theron Mohamed,Who is Warren Buffett? Here's an intro to the business icon ahead of Berkshire Hathaway's annual meeting,"Warren Buffett ranks among the world's wealthiest people and leads Berkshire Hathaway, a vast conglomerate that owns scores of businesses and stocks.",https://markets.businessinsider.com/news/stocks/who-is-warren-buffett-berkshire-hathaway-stocks-investing-wealth-philanthropy-2023-5,https://i.insider.com/6267cf64784b4d0019463ae0?width=1200&format=jpeg,2023-05-06T12:06:54Z,"Warren Buffett.Carlos Barria / Reuters
<ul>
<li>Warren Buffett is a famed investor, one of the richest people alive, and the CEO of a huge company.</li>
<li>Buffett's Berkshire Hathaway owns scores … [+4083 chars]",Who is Warren Buffett Heres an intro to the business icon ahead of Berkshire Hathaways annual meeting,5,Very Positive
98,98,"{'id': 'business-insider', 'name': 'Business Insider'}",Phil Rosen,"Commercial real estate is being rattled by this year's crises. A recession in the sector might be at hand, experts say.",Insider's Phil Rosen dives into the commercial real estate sector and the decline in lending in the uncertain market.,https://www.businessinsider.com/commercial-real-estate-bank-crises-recession-economy-markets-finance-stock-2023-5,https://i.insider.com/645bfaf365275b0018b7e808?width=1200&format=jpeg,2023-05-11T10:30:06Z,"Happy Friday eve, readers. Phil Rosen here, clocking in from NYC. 
There's a lot to say about financial markets these days the debt ceiling is a fast-approaching crisis, the banking sector has been … [+4956 chars]",Commercial real estate is being rattled by this years crises. A recession in the sector might be at hand experts say.,1,Very Negative
99,99,"{'id': 'business-insider', 'name': 'Business Insider'}",Jacob Zinkula,6 fun ways for ChatGPT beginners to start learning the AI-technology skills companies are looking for,"Most Americans don't know much about ChatGPT, but employers want workers with AI experience. Here are six fun ChatGPT prompts for beginners.",https://www.businessinsider.com/chatgpt-ai-beginner-prompts-learn-the-tech-boost-career-2023-5,https://i.insider.com/64516ddf8b6329001b557408?width=1200&format=jpeg,2023-05-04T10:02:09Z,"Getty Images
<ul>
<li>Despite ChatGPT's surge in popularity, most Americans don't know much about it. </li>
<li>Companies are already seeking out workers with ChatGPT experience.</li>
<li>Here's a l… [+6785 chars]",6 fun ways for ChatGPT beginners to start learning the AItechnology skills companies are looking for,5,Very Positive
