Index,Source,Author,Title,Description,Content,Headline Sentiment,Offense Rating,Negative Words,Offensive Words,Tags,publishedAt,url,urlToImage
1,Engadget,Daniel Cooper,Lexus offers a a glimpse at its EV future with the RZ 450e,"An hour north of Marseille sits Château La Coste, a winery, hotel and art gallery nestled in the heart of a beautiful Provincial valley. In its grounds is a Renzo Piano-designed steel and glass oubliette, buried in a knife wound carved out of the undulating v…","An hour north of Marseille sits Château La Coste, a winery, hotel and art gallery nestled in the heart of a beautiful Provincial valley. In its grounds is a Renzo Piano-designed steel and glass oubli… [+11415 chars]",Positive,110,"['wound', 'knife']","['knife', 'buried']","['Provincial', 'Marseille']",2023-03-13T11:00:46Z,https://www.engadget.com/lexus-offers-a-a-glimpse-at-its-ev-future-with-the-rz-450e-110046197.html,https://s.yimg.com/uu/api/res/1.2/410oF2usaNWfuJoRphRPWw--~B/Zmk9ZmlsbDtoPTYzMDtweW9mZj0wO3c9MTIwMDthcHBpZD15dGFjaHlvbg--/https://media-mbst-pub-ue1.s3.amazonaws.com/creatr-uploaded-images/2023-03/09f37e90-bf68-11ed-b3f6-9530b150cab1.cf.jpg
2,Wired,Alistair Charlton,Qualcomm Is Poised to Dominate EVs Before Apple Gets a Chance,"Its digital chassis is an internet-connected platform for the whole car, and the tech giant has General Motors, Jeep, Mercedes, and many more on board.","Perhaps crucially, Qualcomm also says its Digital Chassis allows automakers to own the in-vehicle experience [and] extend their brand and bring engaging consumer interactions into the vehicle. This w… [+3536 chars]",Positive,0,[],[],"['Motors', 'Mercedes', 'Jeep', 'General']",2023-03-18T14:00:00Z,https://www.wired.com/story/electric-cars-qualcomm-apple/,"https://media.wired.com/photos/6414db30b19ad4e3186e05f5/191:100/w_1280,c_limit/Qualcomm-Could-Corner-the-EV-Market-Before-Apple-Gets-a-Look-in--Gear.jpg"
3,Gizmodo.com,Jackie Thomas,The Razer Blade 16 is The MacBook Pro of Gaming Laptops,"The Razer Blade 16 is finally here, following in the footsteps of Apple after the Cupertino company shifted its MacBook Pro design to a 16-inch model. This lets the high-end gaming laptop continue to claim the “MacBook of gaming laptops” title for another yea…","The Razer Blade 16 is finally here, following in the footsteps of Apple after the Cupertino company shifted its MacBook Pro design to a 16-inch model. This lets the high-end gaming laptop continue to… [+13000 chars]",Very Positive,20,[],[],"['Apple', 'Cupertino', 'claim', 'MacBook']",2023-03-15T20:05:00Z,https://gizmodo.com/razer-blade-16-review-macbook-pro-gaming-laptop-rtx-409-1850229646,"https://i.kinja-img.com/gawker-media/image/upload/c_fill,f_auto,fl_progressive,g_center,h_675,pg_1,q_80,w_1200/bf227c6bf827b5fe3b5ce3d3eb22fa40.png"
4,BBC News,https://www.facebook.com/bbcnews,Bakhmut: Russian casualties mount but tactics evolve,The BBC has been given access to positions held by Ukrainian army brigades defending Bakhmut's southern flank.,"Ukraine has drawn a line in the dirt, and that line is Bakhmut. It is a city that few say matters strategically, but that tens of thousands have died fighting over. It began more than seven months ag… [+8129 chars]",Neutral,0,[],[],"['Bakhmuts', 'BBC']",2023-03-16T06:10:23Z,https://www.bbc.co.uk/news/world-europe-64955537,https://ichef.bbci.co.uk/news/1024/branded_news/BD9A/production/_128983584_4c1111bb-eae2-430a-92a1-984cc167220d.jpg
5,CNN,Laura He,China's new premier rolls out the welcome wagon for foreign companies,"China's new premier, Li Qiang, has offered a hearty welcome to foreign companies in an effort to arrest a slump in business confidence that has exacerbated the country's economic woes.","Chinas new premier, Li Qiang, has offered a hearty welcome to foreign companies in an effort to arrest a slump in business confidence that has exacerbated the countrys economic woes.
Li, who was for… [+3706 chars]",Very Positive,10,['slump'],[],"['Li', 'Qiang']",2023-03-28T07:12:13Z,https://www.cnn.com/2023/03/28/economy/china-development-forum-foreign-companies-welcome-intl-hnk/index.html,"https://media.cnn.com/api/v1/images/stellar/prod/230328132640-li-qiang-0313.jpg?c=16x9&q=w_800,c_fill"
6,Ars Technica,Ars Staff,The 2023 BMW XM is purpose-built to get your attention,"The XM is a technical powerhouse geared for eating autobahns, not apices.","Enlarge/ There's certainly no ignoring the BMW XM's styling. But don't let it distract you from a competent chassis and powertrain.
26 with 
BMW provided flights from LA to Phoenix and back, plus t… [+3510 chars]",Positive,0,[],[],['XM'],2023-03-21T15:30:55Z,https://arstechnica.com/cars/2023/03/the-2023-bmw-xm-is-purpose-built-to-get-your-attention/,https://cdn.arstechnica.net/wp-content/uploads/2023/03/IPV_XM_BLAU_DYN_01000-1-760x380.jpg
7,Ars Technica,Jonathan M. Gitlin,The 2024 Ford Mustang is the next car to lose AM radio,"If you listen to a lot of AM radio, the next Ford Mustang is not the car for you.","Enlarge/ Ford has gone for a high-tech interior for the next Mustang, and AM radio did not make the cut.
88 with 
You have to hand it to AM radioit has outlasted the 8-track, the cassette, and the … [+2280 chars]",Very Negative,190,[],[],"['Ford', 'Mustang']",2023-03-10T15:15:12Z,https://arstechnica.com/cars/2023/03/the-2024-ford-mustang-is-the-next-car-to-lose-am-radio/,https://cdn.arstechnica.net/wp-content/uploads/2023/03/2024-Mustang-Interior-01-760x380.jpg
8,Ars Technica,Jonathan M. Gitlin,Tesla cuts Models S and X prices for the second time in eight weeks,The EVs were revolutionary at launch but are now aging compared to competitors.,"59 with 
Tesla is cutting prices for the second time in less than eight weeks. Reuters noticed that the automaker has dropped the prices of its more expensive, aging Model S sedan and Model X SUV ye… [+1181 chars]",Very Negative,190,[],[],[],2023-03-06T15:17:21Z,https://arstechnica.com/cars/2023/03/tesla-cuts-models-s-and-x-prices-for-the-second-time-in-eight-weeks/,https://cdn.arstechnica.net/wp-content/uploads/2023/03/23e0dda8-2f06-4dde-8ed1-82e003888e05-520x380.jpg
9,Ars Technica,Jonathan M. Gitlin,Supply chain shortages may make ambitious EV adoption goals unlikely,An industry survey found only 39 percent thought going all-EV by 2040 was achievable.,"Enlarge/ A BMW worker assembles an iX battery pack at the BMW factory in Dingolfin, Germany.
23 with 
Half of all new cars and light trucks sold in the US in 2030 should be zero-emissions vehicles,… [+3496 chars]",Negative,90,[],[],[],2023-03-09T17:19:18Z,https://arstechnica.com/cars/2023/03/supply-chain-shortages-may-make-ambitious-ev-adoption-goals-unlikely/,https://cdn.arstechnica.net/wp-content/uploads/2023/03/P90423875_highRes_production-of-the-hi-760x380.jpg
10,Google News,nan,"BMW hits earnings target helped by pricing, China consolidation - Reuters","BMW hits earnings target helped by pricing, China consolidation  Reuters","We use cookies and data to<ul><li>Deliver and maintain Google services</li><li>Track outages and protect against spam, fraud, and abuse</li><li>Measure audience engagement and site statistics to unde… [+1131 chars]",Very Positive,0,[],[],"['BMW', 'China']",2023-03-09T12:46:00Z,https://consent.google.com/ml?continue=https://news.google.com/rss/articles/CBMifGh0dHBzOi8vd3d3LnJldXRlcnMuY29tL2J1c2luZXNzL2F1dG9zLXRyYW5zcG9ydGF0aW9uL2Jtdy1oaXRzLWVhcm5pbmdzLXRhcmdldC0yMDIyLXdpdGgtODYtbWFyZ2luLWF1dG9zLXNlZ21lbnQtMjAyMy0wMy0wOS_SAQA?oc%3D5&gl=FR&hl=en-US&pc=n&src=1,nan
11,Google News,nan,"BMW: e-fuels have highest impact for current fleet, not new cars - Reuters","BMW: e-fuels have highest impact for current fleet, not new cars  Reuters","We use cookies and data to<ul><li>Deliver and maintain Google services</li><li>Track outages and protect against spam, fraud, and abuse</li><li>Measure audience engagement and site statistics to unde… [+1131 chars]",Very Negative,190,[],[],['BMW'],2023-03-15T09:50:00Z,https://consent.google.com/ml?continue=https://news.google.com/rss/articles/CBMifGh0dHBzOi8vd3d3LnJldXRlcnMuY29tL2J1c2luZXNzL2F1dG9zLXRyYW5zcG9ydGF0aW9uL2Jtdy1lLWZ1ZWxzLWhhdmUtaGlnaGVzdC1pbXBhY3QtY3VycmVudC1mbGVldC1ub3QtbmV3LWNhcnMtMjAyMy0wMy0xNS_SAQA?oc%3D5&gl=FR&hl=en-US&cm=2&pc=n&src=1,nan
12,The Guardian,PA Media,Police investigate claims of blackmail targeted against Alison Hammond,Blackmailer reportedly threatened This Morning presenter with spreading lies and damaging her careerPolice are investigating claims of blackmail targeted against the This Morning presenter Alison Hammond.The 48-year-old regularly presents the ITV show alongsi…,"Police are investigating claims of blackmail targeted at the This Morning presenter Alison Hammond.
The 48-year-old regularly presents the ITV show alongside Dermot OLeary and was recently announced… [+1251 chars]",Very Negative,300,"['lies', 'blackmail', 'damaging']",['lies'],"['Hammond', 'ITV', 'Alison', 'claims']",2023-03-25T17:05:41Z,https://www.theguardian.com/uk-news/2023/mar/25/police-investigate-claims-of-blackmail-targeted-against-alison-hammond,https://i.guim.co.uk/img/media/8af8e978d01a3cf20986fbae55a5eca467ceb612/0_0_2333_1400/master/2333.jpg?width=1200&height=630&quality=85&auto=format&fit=crop&overlay-align=bottom%2Cleft&overlay-width=100p&overlay-base64=L2ltZy9zdGF0aWMvb3ZlcmxheXMvdGctZGVmYXVsdC5wbmc&enable=upscale&s=68d844d004382bde451014fd4f86b9c2
13,The Guardian,Mark Sweney,China’s BYD blames Brexit as it rules out UK for first electric car plant in Europe,World’s largest EV and hybrid manufacturer is not the first to cite EU exit for such a decisionThe world’s largest seller of electric and hybrid cars will not consider building its first European car factory in the UK because of the impact of Brexit.China’s B…,"The worlds largest seller of electric and hybrid cars will not consider building its first European car factory in the UK because of the impact of Brexit.
Chinas BYD, which has been backed by the US… [+2912 chars]",Very Negative,290,[],"['UK', 'European']","['EV', 'Brexit', 'EU', 'Worlds', 'UK']",2023-03-12T16:39:53Z,https://www.theguardian.com/business/2023/mar/12/china-byd-blames-brexit-as-it-rules-out-uk-for-first-european-car-plant,https://i.guim.co.uk/img/media/e4fd784afe55eb2b51e922e0ed28cad4696afb0e/0_220_3500_2101/master/3500.jpg?width=1200&height=630&quality=85&auto=format&fit=crop&overlay-align=bottom%2Cleft&overlay-width=100p&overlay-base64=L2ltZy9zdGF0aWMvb3ZlcmxheXMvdGctZGVmYXVsdC5wbmc&enable=upscale&s=f2e80c1c3b310604d9a09d277eb7da38
14,The Guardian,Diane Taylor,‘A revenge plan’: refugees and Dover residents react to illegal migration bill,Home secretary’s latest plan to curb small boats crossings across the Channel has been met with scepticism The Marine Traffic app is an essential download for all those who scan the Dover shoreline for signs of small boats – everyone from officials in the hom…,The Marine Traffic app is an essential download for all those who scan the Dover shoreline for signs of small boats everyone from officials in the home secretarys office to self-styled migrant hunter… [+4552 chars],Very Negative,190,[],[],"['Traffic', 'Marine', 'The', 'Dover', 'Channel']",2023-03-07T18:01:12Z,https://www.theguardian.com/uk-news/2023/mar/07/a-revenge-plan-refugees-and-dover-residents-react-to-migration-bill,https://i.guim.co.uk/img/media/338d55a587267ee56b8cdfab5bc2afe574ffb860/0_91_4724_2836/master/4724.jpg?width=1200&height=630&quality=85&auto=format&fit=crop&overlay-align=bottom%2Cleft&overlay-width=100p&overlay-base64=L2ltZy9zdGF0aWMvb3ZlcmxheXMvdGctZGVmYXVsdC5wbmc&enable=upscale&s=9309461634cf2e13e2d586932fed4e7a
15,The Guardian,Tumaini Carayol,Carlos Alcaraz is the best in the world – and he is only going to get better | Tumaini Carayol,"Teenage world No 1 is overwhelming elite opponents in dazzling style having refocused after a few off-court strugglesEarly in the second set of Carlos Alcaraz’s third-round victory at the Miami Open, Dusan Lajovic, a Serbian veteran, was suffocating under the…","Early in the second set of Carlos Alcarazs third-round victory at the Miami Open, Dusan Lajovic, a Serbian veteran, was suffocating under the world No 1s relentless pressure. Lajovic threw down every… [+5197 chars]",Very Positive,10,['overwhelming'],[],"['Lajovic', 'Dusan', 'Carlos', 'Alcarazs']",2023-03-27T15:58:49Z,https://www.theguardian.com/sport/2023/mar/27/carlos-alcaraz-is-the-best-in-the-world-and-he-is-only-going-to-get-better,https://i.guim.co.uk/img/media/27299399694bfad2363a4b3a7e3c70c021c7b612/144_335_4805_2883/master/4805.jpg?width=1200&height=630&quality=85&auto=format&fit=crop&overlay-align=bottom%2Cleft&overlay-width=100p&overlay-base64=L2ltZy9zdGF0aWMvb3ZlcmxheXMvdGctZGVmYXVsdC5wbmc&enable=upscale&s=b95767a493ee14a525ce2bccaa40a565
16,The Guardian,Jasper Jolly,How Jaguar Land Rover fell behind in the race to an electric future – and what it means for the UK,"There are fears for UK industry as a whole as the country’s carmaking champion falls further behind wealthy rivals in the race for zero-emission vehiclesAbout 20 firefighters, some wearing breathing apparatus, were called to a fire at a test facility near Jag…","About 20 firefighters, some wearing breathing apparatus, were called to a fire at a test facility near Jaguar Land Rovers Midlands headquarters in January. A machine welding a prototype battery for i… [+11484 chars]",Very Positive,110,"['falls', 'fears']","['UK', 'fire']","['UK', 'Jag']",2023-03-13T10:00:14Z,https://www.theguardian.com/business/2023/mar/13/how-jaguar-land-rover-fell-behind-in-the-race-to-an-electric-future-and-what-it-means-for-the-uk,https://i.guim.co.uk/img/media/5a634624fdc5fd7cd7b5977b9b800af5d60adddc/0_142_4250_2550/master/4250.jpg?width=1200&height=630&quality=85&auto=format&fit=crop&overlay-align=bottom%2Cleft&overlay-width=100p&overlay-base64=L2ltZy9zdGF0aWMvb3ZlcmxheXMvdG8tZGVmYXVsdC5wbmc&enable=upscale&s=104730f4f7a8460ef4024fa6e2aa2dab
17,The Guardian,"Peter Bradshaw, Ellen E Jones and Danny Leigh","This is England … and Scotland, Wales and Northern Ireland: where to find the UK’s greatest film scenes","From aliens cruising Glasgow to punks rocking Belfast, most regions of the UK have had their big-screen moment. Our critics take us on a tour of some of their favourite locationsBeats (2019)Livingston, 1994, and just as the Criminal Justice act is about to en…","Scotland
Beats (2019)Livingston, 1994, and just as the Criminal Justice act is about to end the illegal rave era, two young friends set off to have a mad one. Brian Welshs rhapsody to rave reminds u… [+18721 chars]",Very Positive,140,"['Criminal', 'critics']","['UK', 'Criminal']","['Criminal', 'Belfast', 'UK', 'Glasgow']",2023-03-04T11:55:23Z,https://www.theguardian.com/film/2023/mar/04/uk-film-map,https://i.guim.co.uk/img/media/5bee42f809bcaaf42ba2a0357a315aeb0644a9e2/0_167_3250_1950/master/3250.jpg?width=1200&height=630&quality=85&auto=format&fit=crop&overlay-align=bottom%2Cleft&overlay-width=100p&overlay-base64=L2ltZy9zdGF0aWMvb3ZlcmxheXMvdGctZGVmYXVsdC5wbmc&enable=upscale&s=cbc91f5d54e7dfcc9384f5338dbe1883
18,NPR,Rob Schmitz,"Biden and the EU's von der Leyen meet to ease tensions over trade, subsidy concerns","The Inflation Reduction Act, or IRA, promises tax breaks to companies making technology for clean energy. European leaders are concerned EU companies will flee the the US to cash-in on the tax breaks","President of the European Commission, Ursula von der Leyen speaks with U.S. President Joe Biden at the global meeting of G-20 leaders on November 15, 2022 in Nusa Dua, Indonesia
Leon Neal/Getty Imag… [+4358 chars]",Positive,80,"['flee', 'concerned', 'breaks']",['European'],"['US', 'EU']",2023-03-10T12:23:34Z,https://www.npr.org/2023/03/10/1162516292/biden-and-the-eus-von-der-leyen-meet-to-ease-tensions-over-trade-subsidy-concern,https://media.npr.org/assets/img/2023/03/10/gettyimages-1244794145_wide-73da0710805828375a8cdd73d2f9069331748074-s1400-c100.jpg
19,Business Insider,dsiu@insider.com (Diamond Naga Siu),'PayPal Mafia' member says Google and Meta intentionally overhired engineers to prevent them from working at other companies.,"In today's edition: How influencers are using ChatGPT, BMW wins the luxury electric SUV race, and more headlines.","Beware of Bevi machines, buds. I'm Diamond Naga Siu, and I'm an avid water drinker. But I don't like bubbly drinks (they hurt my mouth) or flavored water (just drink juice).
So there is very little … [+3767 chars]",Very Negative,190,[],[],['BMW'],2023-03-09T11:35:00Z,https://www.businessinsider.com/google-united-tiktok-bmw-paypal-uber-meta-lyft-2023-3,https://i.insider.com/640957071bbdd30018ed8f13?width=1200&format=jpeg
20,Business Insider,jmann@insider.com (Jyoti Mann),"Ford and GM follow Tesla's lead and wade into China price war by offering big discounts to boost sales, report says","Ford and GM join a list of more than 40 carmakers offering deep discounts in China after Tesla reduced its prices, The Wall Street Journal reported.","Ford and GM are cutting prices in China to boost sales following the abolition of subsidies for electric vehicles, The Wall Street Journal reported. 
The American giants are among a growing list of … [+1659 chars]",Very Negative,190,[],[],"['Journal', 'China', 'GM', 'Street', 'The', 'Wall', 'Ford', 'Tesla']",2023-03-19T15:30:00Z,https://www.businessinsider.com/ford-and-gm-follow-teslas-join-china-price-war-2023-3,https://i.insider.com/6417050bfa3bcb001907ea97?width=1200&format=jpeg
21,Business Insider,bgiacobone@insider.com (Bianca Giacobone),Police say Volkswagen refused to track a stolen car with a 2-year-old inside — after the thieves ran over the child's pregnant mother — until the owner paid a fee,"Local police described the delay as ""16 minutes of hell."" Volkswagen blamed it on a ""serious breach of process""","Carjackers stole a Volkswagen with a 2-year-old child inside and when police contacted Volkswagen Car-Net, a system that can control the car remotely, to get help finding it, they were told it would … [+1917 chars]",Very Negative,300,"['hell', 'delay', 'breach']",['hell'],"['breach', 'Volkswagen']",2023-02-27T20:42:05Z,https://www.businessinsider.com/volkswagen-stolen-car-net-police-child-illinois-thieves-pregnant-mother-2023-2,https://i.insider.com/63fd01d4b8468e001896b20c?width=1200&format=jpeg
22,Business Insider,astjohn@insider.com (Alexa St. John),Meet some of the 'hot rodders' making classic gas-powered cars run on electric motors and batteries — see their coolest conversions,"Converting your gas-guzzling classic into an EV is only getting easier, according to experts like Reverend Gadget and Michael Bream.","There's a growing group of enthusiasts transforming their classic hot rods and vintage muscle cars into fast-moving electric vehicles.
""It used to be that it was really just a backyard hobby and guy… [+5732 chars]",Very Positive,0,[],[],"['Gadget', 'Michael', 'EV', 'Bream']",2023-03-19T11:00:00Z,https://www.businessinsider.com/hot-rodders-converting-classic-cars-electric-vehicles-run-on-batteries-2023-3,https://i.insider.com/6414c9bbed35cc0019e49eff?width=1200&format=jpeg
23,Business Insider,astjohn@insider.com (Alexa St. John),Car dealers use TikTok to reveal industry secrets and the clever ways sellers get you to spend more on cars,"Auto dealers are using TikTok to share car buying tips, vehicle walk-arounds, ways to avoid getting a bad deal, and more.","Auto dealers are increasingly using TikTok to preview cars for sale and reveal industry secrets, like how salespeople might use hidden fees and other strategies to pressure buyers into spending more … [+4901 chars]",Very Positive,10,['bad'],[],['TikTok'],2023-03-22T16:38:03Z,https://www.businessinsider.com/car-dealers-reveal-industry-secrets-buying-tips-tiktok-2023-3,https://i.insider.com/6419f3cf1b5e1000186dbdc9?width=1200&format=jpeg
24,Business Insider,dsiu@insider.com (Diamond Naga Siu),How Amazon’s flawed job posting process caused it to overhire,"In today's edition: Google's Bard is finally available for non-employees, how to make $10,000 per month on OnlyFans, and more headlines.","It's the middle of the week, 10 Things in Techies. I'm Diamond Naga Siu, and for the first decade or so that I worked, I was always paid in cash. I didn't put much of it into a bank, because I didn't… [+4489 chars]",Very Negative,190,[],[],"['Googles', 'Bard']",2023-03-22T11:00:00Z,https://www.businessinsider.com/google-amazon-red-flag-tiktok-onlyfans-airbnb-revenue-aws-2023-3,https://i.insider.com/641a7f138a514c001825bcff?width=1200&format=jpeg
25,Harvard Business Review,nan,BMW’s Decarbonization Strategy: Sustainable for the Environment and the Bottom Line,Can BMW convince stakeholders that its strategy is good for the environment and the company’s financial performance?,"BRIAN KENNY: On April 3, 2020, a woman in Punjab, India posted a photo of the Himalayas on Twitter, taken from her rooftop – and it went viral. The photo itself was unremarkable. It became a sensatio… [+24500 chars]",Positive,0,[],[],['BMW'],2023-03-28T13:05:00Z,https://hbr.org/podcast/2023/03/bmws-decarbonization-strategy-sustainable-for-the-environment-and-the-bottom-line,https://hbr.org/resources/images/article_assets/2019/03/Cold_Call_WP_Wide_1200.png
26,VentureBeat,Sri Krishna,"Cisco, NTT join forces to supercharge private 5G network transformations",New tech and services from NTT and Cisco will accelerate edge connectivity so customers can integrate private 5G into existing infrastructure.,"NTT and Cisco said they will jointly build and bring to market technology and managed services that will enable enterprise customers to deploy private 5G.
The collaboration will accelerate edge conn… [+3790 chars]",Very Positive,0,[],[],"['Cisco', 'NTT']",2023-03-01T20:33:59Z,https://venturebeat.com/data-infrastructure/cisco-ntt-join-forces-supercharge-private-5g-network-transformations/,https://venturebeat.com/wp-content/uploads/2022/05/GettyImages-1372130352-XH4D.jpg?w=1200&strip=all
27,The Economist,The Economist,Business,The world this week,"Goldman Sachs held an investors day, its first in three years, amid grumbling from shareholders about the direction of the bank after a slump in profit last year. David Solomon, its chief executive, … [+4501 chars]",Positive,0,[],[],[],2023-03-02T15:05:16Z,https://www.economist.com/the-world-this-week/2023/03/02/business,https://www.economist.com/img/b/1280/720/90/media-assets/image/20230304_WWP501.jpg
28,Yahoo Entertainment,Associated Press,Edmunds: Edmunds Compares: 2023 BMW iX vs. 2023 Rivian R1S,"The vehicle experts at Edmunds compare both to find out.  The BMW iX packs two electric motors, one driving each axle, that produce 516 horsepower in...","Buying an electric vehicle used to mean choosing from battery range, performance, utility or luxury. You mightve found a car possessing two of those attributes but rarely all of the above. But the BM… [+4709 chars]",Neutral,0,[],[],['BMW'],2023-03-08T11:17:26Z,https://news.yahoo.com/edmunds-edmunds-compares-2023-bmw-111726456.html,https://s.yimg.com/ny/api/res/1.2/uG7LDHJeqPQwTEoh4ce8Sw--/YXBwaWQ9aGlnaGxhbmRlcjt3PTEyMDA7aD04MDA-/https://media.zenfs.com/en/ap.org/a62102652a23f9c81fda689da01b82c0
29,Yahoo Entertainment,Adam Sabes,Michigan woman who fled to Thailand after college student's hit-and-run death hit with $1 million bond,The Michigan woman who fled to Thailand after allegedly being involved in a hit-and-run accident that left a Michigan State University student dead was...,"The Michigan woman who fled to Thailand after allegedly being involved in a fatal hit-and-run incident that left a college student dead was given a $1 million bond during a court hearing.
Tubtim ""Su… [+4463 chars]",Very Negative,280,['dead'],['dead'],"['State', 'University', 'Thailand', 'Michigan']",2023-03-18T00:18:34Z,https://news.yahoo.com/michigan-woman-fled-thailand-college-001834215.html,https://s.yimg.com/ny/api/res/1.2/4Dj876Srw6ZS21W9joGLpA--/YXBwaWQ9aGlnaGxhbmRlcjt3PTEyMDA7aD02NzU-/https://media.zenfs.com/en/fox_news_text_979/a9a93bb6574e7a98f467b96724ec8739
30,ABC News,Nadine El-Bawab,3 men found guilty of killing rapper XXXTentacion,"Dedrick Devonshay Williams, Michael Boatwright, Trayvon Newsome and Robert Allen were convicted of first-degree murder in XXXTentacion's death.","Three men involved in the fatal shooting of rapper XXXTentacion were found guilty by a jury on Monday.
Dedrick Devonshay Williams, Michael Boatwright and Trayvon Newsome had been charged with first-… [+2308 chars]",Very Negative,310,"['murder', 'death']","['murder', 'death']","['Williams', 'Robert', 'Devonshay', 'Allen', 'Trayvon', 'Michael', 'XXXTentacions', 'Boatwright', 'Newsome']",2023-03-20T16:45:15Z,https://abcnews.go.com/Entertainment/3-men-found-guilty-killing-rapper-xxxtentacion/story?id=97767286,https://s.abcnews.com/images/US/XXXTentacion-ap-ps-230310_1678461322974_hpMain_16x9_992.jpg
31,ABC News,ABC NEWS,'A game changer': Ford CEO touts new electric vehicle plant,The latest climate warnings are renewing calls for more electric vehicles.,"United Nations Secretary-General Antonio Guterres said that the world is ""on thin ice"" and called for ""climate action on all fronts"" earlier this week while revealing the latest U.N. climate report.… [+4060 chars]",Very Positive,0,[],[],[],2023-03-24T23:14:51Z,https://abcnews.go.com/US/game-changer-ford-ceo-touts-new-electric-vehicle/story?id=98098666,https://s.abcnews.com/images/US/ford-1-gty-er-230324_1679697247670_hpMain_16x9_992.jpg
32,USA Today,"USA TODAY, Elizabeth Weise, USA TODAY",Clean energy record: More than 40% of US electricity now comes from carbon-free sources,"Power from zero-carbon sources made up 41% of the US electricity mix in 2022, the Sustainable Energy in America 2023 Factbook published Wednesday said","Power from zero-carbon sources made up a full 41% of the US electricity mix in 2022, a record-breaking number that has increased almost every year since 1990.
That mix includes power from nuclear pl… [+5592 chars]",Very Positive,0,[],[],"['Powerfrom', '2023', 'theSustainable', 'US', 'America', 'Energy', 'in', 'Factbook']",2023-03-01T05:01:01Z,https://www.usatoday.com/story/news/2023/03/01/clean-energy-hits-record-us-2023-sustainable-energy-factbook/11324041002/,https://www.gannett-cdn.com/-mm-/7dabdcda590684498b0559064eeeeb7c7ccc41d4/c=0-102-3000-1790/local/-/media/2022/09/29/USATODAY/usatsports/B9353386297Z.1_20220929095207_000_GAA11DKCND.2-0.jpg?auto=webp&format=pjpg&width=1200
33,Cool Hunting,Katie Olsen,Test Drive: Genesis Electrified GV70,"The stunning vehicle furthers the carmaker's seemingly unstoppable momentum Since it launched as an independent brand by Korean automotive brand Hyundai Motor Group in 2015, Genesis has delivered a consistently unique blend of design, performance and luxury t…","The stunning vehicle furthers the carmaker's seemingly unstoppable momentum
Since it launched as an independent brand by Korean automotive brand Hyundai Motor Group in 2015, Genesis has delivered a c… [+5314 chars]",Very Positive,0,[],[],"['Group', 'Genesis', 'Motor', 'Hyundai']",2023-03-21T14:59:43Z,http://coolhunting.com/design/test-drive-genesis-electrified-gv70/,https://i0.wp.com/coolhunting.com/wp-content/uploads/2023/03/GV70.Electrified69-scaled.jpg?fit=1200%2C800&ssl=1
34,Motor Trend,Justin Banner,"No Magnets, Big Power: BMW’s Fifth-Generation Electric Motor (2022)","It’s a magnet-less motor, but how does that work, why is it significant, and a bit old school? We take a deep dive into the motor powering the BMW iX M60.","We've hinted at the impressive power output of the BMW iX M60 motor in our First Look, but its fifth-generation electric motor technology deserves its own examination. That's because it's both extrem… [+6780 chars]",Very Positive,40,[],['dive'],"['BMW', 'iX', 'M60']",2023-03-03T13:49:13Z,https://www.motortrend.com/news/bmw-ix-m60-brushed-electric-motor-tech-deep-dive/,https://www.motortrend.com/uploads/2022/01/2023-BMW-iX-M60-Generation-5-Motor-and-Battery-Pack-1.jpg
35,Stripe.com,nan,Stripe announces new round of funding and plan to provide employee liquidity,"Stripe, which builds economic infrastructure for the internet, has signed agreements for a Series I fundraise.","SAN FRANCISCO AND DUBLINStripe, which builds economic infrastructure for the internet, has signed agreements for a Series I fundraise of more than $6.5 billion (6.15 billion) at a $50B (47B) valuatio… [+3078 chars]",Very Positive,0,[],[],[],2023-03-15T21:36:41Z,https://stripe.com/en-ca/newsroom/news/stripe-series-i-employee-liquidity,https://images.ctfassets.net/fzn2n1nzq965/1BhE6OVyvzQZvwEz2xvBVA/27a52603013ca04c1d9358a38c2e9120/Stripe_Announcement_4000x2000__4_.png?q=80
36,Android Police,Taylor Kerns,Does your new car support wireless Android Auto?,Love Android auto but want to ditch the USB cable? Here's a list of all the cars that support wireless Android Auto.,"Android Auto, Google's smart driving companion software, is an invaluable tool for drivers. It allows you to pair your phone to your car's infotainment screen and stay connected while on the road, al… [+7994 chars]",Very Positive,0,[],[],"['Auto', 'Android', 'Heres', 'USB']",2023-03-03T11:18:16Z,https://www.androidpolice.com/cars-with-android-auto-support/,https://static1.anpoimages.com/wordpress/wp-content/uploads/2023/01/android-in-the-car-1-google-ces-2023.jpg
37,Vice News,"Joseph Cox, Emanuel Maiberg",Top Kickboxers Advertised Encrypted Phones Used by Organized Crime,"Dutch police hacked and shutdown Exclu, a phone network used by alleged criminals. A promotional video shows professional fighters promoting the phones.","The camera slowly zooms in on a man wearing an orange Nike tracksuit in a gym. He is holding a mobile phone, staring intently at its screen. On the back of the phone is a sticker: “#EXCLU JARAYA.” Th… [+2926 chars]",Very Positive,70,[],['criminals'],"['alleged', 'Exclu']",2023-02-27T14:00:00Z,https://www.vice.com/en/article/n7z897/top-kickboxers-advertised-exclu-encrypted-phones,https://video-images.vice.com/articles/63f8f60901ba585e0ed22c00/lede/1677260418336-exclu-hoodie.jpeg?image-resize-opts=Y3JvcD0wLjkxOTk0Mzc0MTIwOTU2NHh3OjF4aDtjZW50ZXIsY2VudGVyJnJlc2l6ZT0xMjAwOiomcmVzaXplPTEyMDA6Kg
38,Autoblog,Steven J. Ewing,2023 BMW Z4 First Drive Review: More fun than you'd think,"Filed under:
 BMW,First Drives,Convertible,Luxury
 Continue reading 2023 BMW Z4 First Drive Review: More fun than you'd think
2023 BMW Z4 First Drive Review: More fun than you'd think originally appeared on Autoblog on Tue, 7 Mar 2023 06:00:00 EST. Please see…","MIAMI Theres a joke amongst auto writers that if a company holds a launch event in Florida, the car probably isnt very good to drive. Florida is known for many things, but great roads arent one of em… [+5013 chars]",Very Positive,30,['Mar'],[],"['BMW', 'Review', 'Continue', 'Drive', 'Autoblog', 'on', 'Tue', 'DrivesConvertibleLuxury', '7', 'Filed', 'BMWFirst', 'First']",2023-03-07T11:00:00Z,https://www.autoblog.com/2023/03/07/2023-bmw-z4-review/,https://o.aolcdn.com/images/dims3/GLOB/legacy_thumbnail/1062x597/format/jpg/quality/100/https://s.aolcdn.com/os/ab/_cms/2023/03/06140237/2023-BMW-Z4-M40i-front-three-quarter.jpg
39,Autoblog,Ronan Glon,BMW hasn't ruled out licensing its hydrogen-electric technology,"Filed under:
 Green,BMW,Hydrogen Cars
 Continue reading BMW hasn't ruled out licensing its hydrogen-electric technology
BMW hasn't ruled out licensing its hydrogen-electric technology originally appeared on Autoblog on Tue, 28 Feb 2023 10:36:00 EST. Please se…","BMW has historically licensed its engines to a diverse list of manufacturers; the Bertone Freeclimber, the McLaren F1, the Morgan Plus Six, and the Ineos Grenadier are all BMW-powered. The company to… [+2015 chars]",Very Negative,220,[],[],"['BMW', 'Autoblog', 'on', 'Tue', 'Filed', '28']",2023-02-28T15:36:00Z,https://www.autoblog.com/2023/02/28/bmw-hydrogen-electric-powertrain-technology-licensing-to-others/,https://o.aolcdn.com/images/dims3/GLOB/legacy_thumbnail/1062x597/format/jpg/quality/100/https://s.aolcdn.com/os/ab/_cms/2023/02/16132141/rg-bmw-ix5-3.jpg
40,Autoblog,Ronan Glon,BMW unveils new iDrive infotainment system with smartphone-like design,"Filed under:
 Technology,BMW,Infotainment
 Continue reading BMW unveils new iDrive infotainment system with smartphone-like design
BMW unveils new iDrive infotainment system with smartphone-like design originally appeared on Autoblog on Wed, 8 Mar 2023 09:28:…","BMW drew inspiration from the ever-changing world of smartphones to update its iDrive infotainment system. Known as version 8.5, the software gains a long list of features including a new home screen… [+1451 chars]",Very Positive,30,['Mar'],[],"['BMW', 'Autoblog', 'on', 'Filed', 'iDrive', 'We', 'd']",2023-03-08T14:28:00Z,https://www.autoblog.com/2023/03/08/bmw-idrive-8-5-2023-update/,https://o.aolcdn.com/images/dims3/GLOB/legacy_thumbnail/1062x597/format/jpg/quality/100/https://s.aolcdn.com/os/ab/_cms/2023/03/08085613/P90497248_highRes_bmw-idrive-quicksele.jpg
41,Autoblog,Ronan Glon,"BMW previews next-generation 5 Series, confirms EV variant","Filed under:
 Green,BMW,Wagon,Electric,Luxury,Sedan
 Continue reading BMW previews next-generation 5 Series, confirms EV variant
BMW previews next-generation 5 Series, confirms EV variant originally appeared on Autoblog on Wed, 15 Mar 2023 08:13:00 EDT. Pleas…","BMW's eighth-generation 5 Series is due out before the end of 2023, and it sounds like the Munich-based carmaker has major changes in store for the model. The global lineup will include gasoline-, di… [+1605 chars]",Very Positive,40,"['Pleas', 'Mar']",[],"['BMW', 'Continue', 'EV', 'Autoblog', 'on', 'Filed', 'GreenBMWWagonElectricLuxurySedan', 'd', 'We']",2023-03-15T12:13:00Z,https://www.autoblog.com/2023/03/15/bmw-5-series-i5-next-gen-preview-electric-teaser/,https://o.aolcdn.com/images/dims3/GLOB/legacy_thumbnail/1062x597/format/jpg/quality/100/https://s.aolcdn.com/os/ab/_cms/2023/03/15071900/P90497499_highRes_the-new-bmw-i5-from-.jpg
42,Autoblog,Ronan Glon,"BMW R18 B Heavy Duty is a head-turning, flat-twin-powered custom bike","Filed under:
 Design/Style,BMW,Bikes
 Continue reading BMW R18 B Heavy Duty is a head-turning, flat-twin-powered custom bike
BMW R18 B Heavy Duty is a head-turning, flat-twin-powered custom bike originally appeared on Autoblog on Tue, 14 Mar 2023 11:11:00 EDT…","Released in 2020, the BMW R18 was welcomed as a blank canvas by companies that specialize in modifying motorcycles. Created by Fred Kodlin with the German firm's blessing, the latest R18 offshoot tur… [+2142 chars]",Very Positive,30,['Mar'],[],"['BMW', 'Continue', 'Autoblog', 'on', 'Tue', 'Filed', '14', 'DesignStyleBMWBikes']",2023-03-14T15:11:00Z,https://www.autoblog.com/2023/03/14/bmw-motorrad-r18b-heavy-duty-motorcycle/,https://o.aolcdn.com/images/dims3/GLOB/crop/1725x970+9+123/resize/800x450!/format/jpg/quality/85/https://s.aolcdn.com/os/ab/_cms/2023/03/14085859/P90497557_highRes.jpg
43,Autoblog,Greg Migliore,"2022 BMW 330e xDrive Video Review: Sporty, thirsty and a commentary on plug-in hybrids","Filed under:
 Green,Green,BMW,Long-Term Garage,Electric,Sedan
 Continue reading 2022 BMW 330e xDrive Video Review: Sporty, thirsty and a commentary on plug-in hybrids
2022 BMW 330e xDrive Video Review: Sporty, thirsty and a commentary on plug-in hybrids origi…","In this episode of Autoblog Garage, we break down the finer points of the 2022 BMW 330e xDrive. After more than a year in the Autobloglong-term garage, this plug-in hybrid 3 Series has rolled up more… [+706 chars]",Very Positive,20,[],[],"['BMW', 'Review', 'Sporty', 'GarageElectricSedan', 'Continue', 'xDrive', 'Filed', 'Video']",2023-03-15T13:00:00Z,https://www.autoblog.com/2023/03/15/2022-bmw-330e-video-review/,https://o.aolcdn.com/images/dims3/GLOB/legacy_thumbnail/1062x597/format/jpg/quality/100/https://s.aolcdn.com/os/ab/_cms/2023/03/14170419/2022-BMW-330e-xDrive_V2.jpg
44,Autoblog,Jonathon Ramsey,BMW bringing a mystery M car and a one-off droptop to Villa d'Este,"Filed under:
 BMW,Convertible,Coupe,Motorcycle,Autonomous Vehicles,Concept Cars,Electric,Luxury,Special and Limited Editions,Performance,Sedan
 Continue reading BMW bringing a mystery M car and a one-off droptop to Villa d'Este
BMW bringing a mystery M car an…","It's almost time to gather on the shores of Italy's Lake Como again for the Concorso dEleganza Villa dEste 2023. The event, May 19-21 at the Grand Hotel Villa d'Este, is a staple on BMW's calendar, t… [+2477 chars]",Very Positive,50,"['mystery', 'Limited']",[],"['BMW', 'dEste', 'Villa', 'Filed']",2023-03-20T16:55:00Z,https://www.autoblog.com/2023/03/20/bmw-mystery-car-mini-cooper-se-convertible-concorso-deleganza-villa-deste/,https://o.aolcdn.com/images/dims3/GLOB/legacy_thumbnail/1062x597/format/jpg/quality/100/https://s.aolcdn.com/os/ab/_cms/2023/03/19154915/bmw_villa_d-este_2023.jpg
45,Autoblog,Ronan Glon,BMW's Neue Klasse-based models will get a dashboard-wide head-up display,"Filed under:
 Green,BMW,Technology,Electric
 Continue reading BMW's Neue Klasse-based models will get a dashboard-wide head-up display
BMW's Neue Klasse-based models will get a dashboard-wide head-up display originally appeared on Autoblog on Wed, 15 Mar 2023…","Unveiled at CES 2023, the BMW i Vision Dee concept is a mission statement created to illustrate the direction the German firm will take in the second half of the 2020s. We know its electric platform … [+1987 chars]",Very Positive,30,['Mar'],[],"['Continue', 'GreenBMWTechnologyElectric', 'on', 'Autoblog', 'Filed', 'd', 'We']",2023-03-15T13:45:00Z,https://www.autoblog.com/2023/03/15/bmw-panoramic-hud-revealed-for-neue-klasse-vehicles/,https://o.aolcdn.com/images/dims3/GLOB/legacy_thumbnail/1062x597/format/jpg/quality/100/https://s.aolcdn.com/os/ab/_cms/2023/03/15085857/bmw-panoramic-vision-1.jpg
46,Autoblog,Ronan Glon,Third-generation Mini Countryman looks all grown up in official spy shots,"Filed under:
 MINI,Crossover
 Continue reading Third-generation Mini Countryman looks all grown up in official spy shots
Third-generation Mini Countryman looks all grown up in official spy shots originally appeared on Autoblog on Wed, 1 Mar 2023 09:45:00 EST.…","Mini's Countryman crossover is about to receive a significant makeover. While the third-generation model won't make its debut until later in 2023, the BMW-owned company published a set of official ""s… [+1772 chars]",Very Positive,30,['Mar'],[],"['Continue', 'Autoblog', 'on', 'reading', 'Mini', 'Countryman', '1', 'Filed', 'MINICrossover', 'Thirdgeneration', 'd', 'We']",2023-03-01T14:45:00Z,https://www.autoblog.com/2023/03/01/mini-countryman-third-generation-spy-shots-official/,https://o.aolcdn.com/images/dims3/GLOB/legacy_thumbnail/1062x597/format/jpg/quality/100/https://s.aolcdn.com/os/ab/_cms/2023/03/01081510/P90496138_highRes_the-new-mini-country.jpg
47,Autoblog,Insider,Ford and GM follow Tesla's lead and wade into China price war,"Filed under:
 Green,Audi,Crossover,Electric,Luxury
 Continue reading Ford and GM follow Tesla's lead and wade into China price war
Ford and GM follow Tesla's lead and wade into China price war originally appeared on Autoblog on Sun, 19 Mar 2023 11:30:00 EDT. …","Ford has cut the 
 Mustang Mach-E by about $6,000. 
 Getty Images
Ford and GM are cutting prices in China to boost sales following the abolition of subsidies for electric vehicles, The Wall Street… [+1728 chars]",Very Positive,30,['Mar'],[],"['GreenAudiCrossoverElectricLuxury', 'Continue', 'GM', 'China', 'Autoblog', 'on', 'Filed', 'Teslas', 'Sun', 'Ford']",2023-03-19T15:30:00Z,https://www.autoblog.com/2023/03/19/ford-gm-tesla-china-price-war/,https://o.aolcdn.com/images/dims3/GLOB/legacy_thumbnail/1062x597/format/jpg/quality/100/https://media.zenfs.com/en/insider_articles_922/c840abdaa0e5c6950a6885b308bdcb19
48,Autoblog,Stephen Williams,Some younger drivers relish the idea of stick shifting,"Filed under:
 Read This,BMW,MINI,Car Buying,Automotive History,Driving,Electric
 Continue reading Some younger drivers relish the idea of stick shifting
Some younger drivers relish the idea of stick shifting originally appeared on Autoblog on Sat, 4 Mar 2023 …","Part way into the 21stCentury, obsolescence isnt what it used to be, especially in the minds of younger consumers; consider the renaissance of vinyl records and film cameras. To that list, add the au… [+2279 chars]",Neutral,30,['Mar'],[],"['Autoblog', 'on', 'Filed', '4', 'Sat']",2023-03-04T14:00:00Z,https://www.autoblog.com/2023/03/04/manual-transmission-young-people-interest/,https://o.aolcdn.com/images/dims3/GLOB/legacy_thumbnail/1062x597/format/jpg/quality/100/https://s.aolcdn.com/os/ab/_cms/2022/07/28161625/2023-Acura-Integra-A-Spec-manual-shifter.jpg
49,Autoblog,Stephen Williams,"At Audi, giving cars 'names' is a bit like Boggle with numbers","Filed under:
 By the Numbers,Design/Style,Audi,BMW,Mercedes-Benz,Electric,Sedan
 Continue reading At Audi, giving cars 'names' is a bit like Boggle with numbers
At Audi, giving cars 'names' is a bit like Boggle with numbers originally appeared on Autoblog on …","Giving a car model a name used to be something of an art form. But for some time at Audi, the name of the game has been to number its models following a letter. And now, the jumble is about to become… [+2102 chars]",Positive,40,['Boggle'],[],"['Autoblog', 'on', 'Filed', 'Boggle', 'Audi']",2023-03-23T20:05:00Z,https://www.autoblog.com/2023/03/23/audi-name-number-system-gas-odd-electric-even/,https://o.aolcdn.com/images/dims3/GLOB/legacy_thumbnail/1062x597/format/jpg/quality/100/https://s.aolcdn.com/os/ab/_cms/2023/03/23145924/Screenshot-2023-03-23-at-2.52.12-PM.png
50,Autoblog,Chris Teague,Michigan Chevy dealers' ad gets a very Michigan detail wrong,"Filed under:
 Humor,Weird Car News,Chevrolet
 Continue reading Michigan Chevy dealers' ad gets a very Michigan detail wrong
Michigan Chevy dealers' ad gets a very Michigan detail wrong originally appeared on Autoblog on Wed, 15 Mar 2023 12:06:00 EDT. Please s…","Regional dealer associations often work with their members to create marketing campaigns around new products or promotional campaigns. The ads usually have recognizable landmarks from the area, such … [+1641 chars]",Very Negative,250,"['Mar', 'wrong']",[],"['on', 'Autoblog', 'Filed', 'Michigan', 'd', 'We', 'Chevy']",2023-03-15T16:06:00Z,https://www.autoblog.com/2023/03/15/chevy-ad-mistake-michigan-lighthouse/,https://o.aolcdn.com/images/dims3/GLOB/legacy_thumbnail/1062x597/format/jpg/quality/100/https://s.aolcdn.com/os/ab/_cms/2023/03/15120410/Lighthouse.jpg
51,Autoblog,Insider,Watch: Hyundai revealed a one-armed robot that charges your electric car for you,"Filed under:
 By the Numbers,Design/Style,Audi,BMW,Mercedes-Benz,Electric,Sedan
 Continue reading Watch: Hyundai revealed a one-armed robot that charges your electric car for you
Watch: Hyundai revealed a one-armed robot that charges your electric car for you…","Hyundai's automatic charging 
 robot plugging a 
 charger into its electric Ioniq 6 sedan. 
 Hyundai
Charging an electric car can be a hassle. But Hyundai envisions a future where drivers won't n… [+2114 chars]",Very Positive,80,[],[],"['charges', 'Hyundai', 'Filed']",2023-03-23T19:30:00Z,https://www.autoblog.com/2023/03/23/watch-hyundai-revealed-a-one-armed-robot-that-charges-your-electric-car-for-you/,https://o.aolcdn.com/images/dims3/GLOB/legacy_thumbnail/1062x597/format/jpg/quality/100/https://media.zenfs.com/en/insider_articles_922/bddc5c5d101516125ecdbb52416dbd71
52,Autoblog,Ronan Glon,Toyota isn't giving up on hydrogen technology in spite of new EV focus,"Filed under:
 Green,Toyota,Hydrogen Cars
 Continue reading Toyota isn't giving up on hydrogen technology in spite of new EV focus
Toyota isn't giving up on hydrogen technology in spite of new EV focus originally appeared on Autoblog on Mon, 20 Mar 2023 09:46:…","With long-time CEO Akio Toyoda nearly out of the picture, Toyota is shifting its focus to developing more electric vehicles. However, the firm has invested a considerable amount of resources into hyd… [+2535 chars]",Negative,150,"['spite', 'Mar']",[],"['Toyota', 'Cars', 'Continue', 'EV', 'Autoblog', 'on', 'Filed', 'GreenToyotaHydrogen', '20', 'Mon']",2023-03-20T13:46:00Z,https://www.autoblog.com/2023/03/20/toyota-hydrogen-future-ev-development/,https://o.aolcdn.com/images/dims3/GLOB/legacy_thumbnail/1062x597/format/jpg/quality/100/https://s.aolcdn.com/os/ab/_cms/2021/06/02105238/Toyota-Corolla-Sport-Hydrogen-race-car-051.jpg
53,Autoblog,Jonathon Ramsey,Ford's electric Supervan 4 headed up Pikes Peak,"Filed under:
 Green,Motorsports,Ford,Minivan/Van,Electric,Racing Vehicles,Performance
 Continue reading Ford's electric Supervan 4 headed up Pikes Peak
Ford's electric Supervan 4 headed up Pikes Peak originally appeared on Autoblog on Mon, 27 Feb 2023 10:50:0…",The coming Ford F-150 Lightning performance demonstrator won't be the only battery-powered show of Ford muscle this year. The Supervan 4 is headed to this year's running of the 101st Pikes Peak Inter… [+1631 chars],Very Positive,20,[],[],"['Peak', 'Fords', 'Autoblog', 'on', '2023', '27', 'Pikes', 'Filed', 'Feb', 'VehiclesPerformance', 'Mon', '10500']",2023-02-27T15:50:00Z,https://www.autoblog.com/2023/02/27/ford-supervan-pikes-peak-international-hill-climb/,https://o.aolcdn.com/images/dims3/GLOB/legacy_thumbnail/1062x597/format/jpg/quality/100/https://s.aolcdn.com/os/ab/_cms/2023/02/26043425/ford_supervan_pikes_peak.jpg
54,Autoblog,Jonathon Ramsey,Cadillac begins celebrating 20 years of V-Series right now,"Filed under:
 Cadillac,Electric,Future Vehicles,Luxury,Performance,Sedan
 Continue reading Cadillac begins celebrating 20 years of V-Series right now
Cadillac begins celebrating 20 years of V-Series right now originally appeared on Autoblog on Fri, 17 Mar 202…","Among the automotive anniversaries this year, Porsche celebrates its 75th year as a going concern, Ferrari celebrates its return to the top class of endurance racing after 50 years, and Cadillac is c… [+2147 chars]",Very Positive,90,['Mar'],[],"['right', 'Autoblog', 'on', 'CadillacElectricFuture', 'Filed', 'Fri', 'Cadillac']",2023-03-17T19:16:00Z,https://www.autoblog.com/2023/03/17/cadillac-v-series-20th-anniversary-sebring-lyriq/,https://o.aolcdn.com/images/dims3/GLOB/legacy_thumbnail/1062x597/format/jpg/quality/100/https://s.aolcdn.com/os/ab/_cms/2023/03/17140147/2023_cadillac_v-series_lineup.jpg
55,Autoblog,Ronan Glon,Genesis remains open to launching a small electric car,"Continue reading Genesis remains open to launching a small electric car
Genesis remains open to launching a small electric car originally appeared on Autoblog on Wed, 22 Mar 2023 09:49:00 EDT. Please see our terms for use of feeds.
Permalink | 
Email this | 
…","Genesis planted its flag on European soil in 2021, and it released the G70 Shooting Brake to lure motorists across the pond out of BMW and Mercedes-Benz showrooms. The company confirmed it's consider… [+2166 chars]",Negative,200,['Mar'],['remains'],"['Genesis', 'on', 'Autoblog', 'd', 'We']",2023-03-22T13:49:00Z,https://www.autoblog.com/2023/03/22/genesis-luxury-city-car-mint-concept/,https://o.aolcdn.com/images/dims3/GLOB/legacy_thumbnail/1062x597/format/jpg/quality/100/https://s.aolcdn.com/os/ab/_cms/2023/03/22094811/Genesis-Mint_Concept.jpg
56,Autoblog,Insider,Meet some of the 'hot rodders' making classic gas-powered cars run on electricity,"Filed under:
 Ford,Automotive History,SUV,Classics
 Continue reading Meet some of the 'hot rodders' making classic gas-powered cars run on electricity
Meet some of the 'hot rodders' making classic gas-powered cars run on electricity originally appeared on Aut…","Michael Bream, CEO of EV West, has built electric hot rods, project cars, and race cars, and uses that experience to develop products for conversions. 
 EV West
There's a growing group of enthusias… [+5928 chars]",Very Positive,20,[],[],"['HistorySUVClassics', 'Continue', 'FordAutomotive', 'Filed']",2023-03-19T11:00:00Z,https://www.autoblog.com/2023/03/19/meet-hot-rodders-making-classic-gas-powered-cars-run-on-electricity/,https://o.aolcdn.com/images/dims3/GLOB/legacy_thumbnail/1062x597/format/jpg/quality/100/https://media.zenfs.com/en/insider_articles_922/952a6f134e57eae4e700f84d09a250d4
57,Autoblog,Zac Palmer,2023 Mercedes-Benz EQE SUV pricing revealed with an intriguing twist,"Filed under:
 Green,Mercedes-Benz,Green Automakers,Crossover,SUV,Electric,Luxury
 Continue reading 2023 Mercedes-Benz EQE SUV pricing revealed with an intriguing twist
2023 Mercedes-Benz EQE SUV pricing revealed with an intriguing twist originally appeared on…","The 2023 Mercedes-Benz EQE SUV is arriving at dealerships this spring, and now we know its price. There will be three powertrain options available from the beginning of sales including the 350+, 350 … [+2682 chars]",Positive,40,['twist'],[],['Filed'],2023-03-08T20:02:00Z,https://www.autoblog.com/2023/03/08/2023-mercedes-benz-eqe-suv-pricing-revealed/,https://o.aolcdn.com/images/dims3/GLOB/legacy_thumbnail/1062x597/format/jpg/quality/100/https://s.aolcdn.com/os/ab/_cms/2023/03/08144621/2024-Mercedes-Benz-EQE-SUV-121.jpg
58,Autoblog,Bloomberg,Tesla and other automakers are in a magnet race to build EVs without rare earth metals,"Filed under:
 Green,Emerging Technologies,Electric
 Continue reading Tesla and other automakers are in a magnet race to build EVs without rare earth metals
Tesla and other automakers are in a magnet race to build EVs without rare earth metals originally appea…","This unit for the i-DCD drive motor, the world's first electric motor for hybrid cars that uses no heavy rare earth metals, jointly developed by Honda Motor Co. and Daido Steel Co. was shown back in … [+3605 chars]",Very Positive,20,[],[],"['Tesla', 'Filed']",2023-03-20T15:58:00Z,https://www.autoblog.com/2023/03/20/rare-earth-metals-ev-electric-motors/,https://o.aolcdn.com/images/dims3/GLOB/legacy_thumbnail/1062x597/format/jpg/quality/100/https://s.yimg.com/os/creatr-uploaded-images/2023-03/353e7dd0-c737-11ed-adcf-19d1913e6abc
59,Autoblog,Jeremy Korzeniewski,2023 Genesis Electrified GV70 First Drive Review: Put this EV on your short list,"Filed under:
 Green,Genesis,First Drives,New Car Reviews,Crossover,Electric,Luxury
 Continue reading 2023 Genesis Electrified GV70 First Drive Review: Put this EV on your short list
2023 Genesis Electrified GV70 First Drive Review: Put this EV on your short l…","ATLANTA, Ga. Theres something interesting about the Genesis Electrified GV70, and even though its plainly obvious, its still worth pointing out: its skin and much of its chassis are basically shared … [+11608 chars]",Very Positive,20,[],[],"['Review', 'Drive', 'Put', 'Filed', 'First']",2023-03-21T16:00:00Z,https://www.autoblog.com/2023/03/21/2023-genesis-electrified-gv70-first-drive-review/,https://o.aolcdn.com/images/dims3/GLOB/legacy_thumbnail/1062x597/format/jpg/quality/100/https://s.aolcdn.com/os/ab/_cms/2023/03/21105612/genesis-electrified-gv70-071.jpg
60,Autoblog,Byron Hurd,2023 Mercedes-Benz EQE 350+ Road Test: Reimagining the Mercedes midsize sedan,"Filed under:
 Green,Mercedes-Benz,New Car Reviews,Electric,Luxury,Sedan,Road Tests
 Continue reading 2023 Mercedes-Benz EQE 350+ Road Test: Reimagining the Mercedes midsize sedan
2023 Mercedes-Benz EQE 350+ Road Test: Reimagining the Mercedes midsize sedan or…",DETROIT What comes out the other side when Mercedes-Benz chucks a well-established midsize luxury sedan nameplate into its magical EV converter? Take one look at the 2023 EQE sedan and you know right… [+8421 chars],Very Positive,20,[],[],['Filed'],2023-03-08T11:00:00Z,https://www.autoblog.com/2023/03/08/mercedes-eqe-350-road-test/,https://o.aolcdn.com/images/dims3/GLOB/legacy_thumbnail/1062x597/format/jpg/quality/100/https://s.aolcdn.com/os/ab/_cms/2022/09/27112547/2023-Mercedes-Benz-EQE-500-Sedan-12.jpg
61,Autoblog,Jeremy Korzeniewski,Best used cars to buy in 2023,"Filed under:
 Green,Car Buying,Used Car Buying,Truck,Convertible,Coupe,Crossover,Hatchback,SUV,Wagon,Economy Cars,Electric,Hybrid,Off-Road Vehicles,Performance,Sedan
 Continue reading Best used cars to buy in 2023
Best used cars to buy in 2023 originally appe…","Car and truck buyers, as were sure youve noticed, are increasingly being priced out of the new vehicle market as every month seems to set a new record for average transaction prices. The good news, t… [+18814 chars]",Very Positive,20,[],[],"['GreenCar', 'VehiclesPerformanceSedan', 'Filed']",2023-03-24T10:00:00Z,https://www.autoblog.com/article/best-used-cars-to-buy/,https://o.aolcdn.com/images/dims3/GLOB/legacy_thumbnail/1062x597/format/jpg/quality/100/https://s.aolcdn.com/os/ab/_cms/2023/03/23152746/inflation.jpeg
62,Autoblog,Insider,EVs don't need as much maintenance: Here are key differences,"Filed under:
 Government/Legal,Green,Electric
 Continue reading EVs don't need as much maintenance: Here are key differences
EVs don't need as much maintenance: Here are key differences originally appeared on Autoblog on Mon, 13 Mar 2023 15:17:00 EDT. Please …","EV drivers can say goodbye forever to oil changes and various other common gas-drivetrain maintenance responsibilities. Tesla has advertised its vehicles with that, touting them as ""eliminating the n… [+4686 chars]",Neutral,30,['Mar'],[],"['13', 'Autoblog', 'on', 'Filed', 'Mon']",2023-03-13T19:17:00Z,https://www.autoblog.com/2023/03/13/electric-cars-evs-dont-need-as-much-maintenance/,https://o.aolcdn.com/images/dims3/GLOB/crop/1440x810+0+149/resize/800x450!/format/jpg/quality/85/https://media.zenfs.com/en/insider_articles_922/dfb2a1ead0e17aa7e9cd65de8f4e3757
63,Autoblog,Zac Palmer,2023 Volvo XC40 and XC40 Recharge Review: Gas or electric? You can’t go wrong,"Filed under:
 Green,Volvo,Buying Guide,New Car Reviews,Crossover,SUV,Electric,Hybrid,Luxury
 Continue reading 2023 Volvo XC40 and XC40 Recharge Review: Gas or electric? You can’t go wrong
2023 Volvo XC40 and XC40 Recharge Review: Gas or electric? You can’t go…","Pros: Cute and functional design; efficient powertrains; a good overall value
Cons: Recycled materials can feel cheap; Recharge has average EV range; doesnt qualify for federal EV tax credit
The 20… [+11076 chars]",Very Negative,230,['wrong'],[],"['Recharge', 'Review', 'Continue', 'Gas', 'GreenVolvoBuying', 'Filed', 'Car', 'GuideNew', 'Volvo', 'ReviewsCrossoverSUVElectricHybridLuxury']",2023-03-01T13:45:00Z,https://www.autoblog.com/article/2023-volvo-xc40-and-xc40-recharge-review/,https://o.aolcdn.com/images/dims3/GLOB/legacy_thumbnail/1062x597/format/jpg/quality/100/https://s.aolcdn.com/os/ab/_cms/2023/02/24123542/IMG_93143.jpg
64,Autoblog,Reuters,Scratched EV battery? Your insurer may have to junk the whole car,"Filed under:
 Green,Tesla,Auto Repair,Insurance,Electric
 Continue reading Scratched EV battery? Your insurer may have to junk the whole car
Scratched EV battery? Your insurer may have to junk the whole car originally appeared on Autoblog on Mon, 20 Mar 2023 …","Damaged electric vehicles that have been written off by insurers are lined up at UK salvage company Synetiq's yard in Doncaster, Britain. (Reuters)
LONDON/DETROIT For many electric vehicles, there i… [+7942 chars]",Very Negative,270,"['Scratched', 'junk', 'Mar']",[],"['EV', 'Autoblog', 'Scratched', 'on', 'Filed', '20', 'Mon']",2023-03-20T16:14:00Z,https://www.autoblog.com/2023/03/20/ev-battery-packs-insurers-junk-entire-car/,https://o.aolcdn.com/images/dims3/GLOB/crop/5472x3078+0+486/resize/800x450!/format/jpg/quality/85/https://s.aolcdn.com/os/ab/_cms/2023/03/20121304/2023-03-20T132258Z_3_LYNXMPEJ2J050_RTROPTP_4_AUTOS-ELECTRIC-INSURANCE.jpg.jpg
65,Autoblog,Lawrence Ulrich,Genesis' decision to build the Electrified GV70 in America is a sign of things to come,"Filed under:
 Government/Legal,Green,Plants/Manufacturing,Genesis,Hyundai,Kia,Car Buying,Crossover,SUV,Electric,Luxury
 Continue reading Genesis' decision to build the Electrified GV70 in America is a sign of things to come
Genesis' decision to build the Elec…","As Steely Dan famously sang, they call Alabama the Crimson Tide. Here in Montgomery, were knee-deep in a Green Tide thats transforming the business of building and selling cars. The high-style Genesi… [+7228 chars]",Very Positive,80,[],[],"['Genesis', 'decision', 'America', 'Filed']",2023-03-21T16:05:00Z,https://www.autoblog.com/2023/03/21/genesis-electrified-gv70-alabama-america-ira-ev-tax-credit/,https://o.aolcdn.com/images/dims3/GLOB/legacy_thumbnail/1062x597/format/jpg/quality/100/https://s.aolcdn.com/os/ab/_cms/2023/03/21114719/GV70.Electrified1458.jpg
66,Autoblog,Zac Palmer,"Best small SUVs of 2023: Compact, midcompact and subcompact","Filed under:
 Car Buying,Best Cars,Crossover,Hatchback,SUV,Electric,Hybrid,Off-Road Vehicles
 Continue reading Best small SUVs of 2023: Compact, midcompact and subcompact
Best small SUVs of 2023: Compact, midcompact and subcompact originally appeared on Autob…","It seems like such a simple question, right? What is the best small SUV? Really, we'd love to provide a simple answer. Buy the _______! Unfortunately, it's just not that simple, though we'll at least… [+16327 chars]",Very Positive,20,[],[],['Filed'],2023-03-02T13:00:00Z,https://www.autoblog.com/article/best-small-suvs/,https://o.aolcdn.com/images/dims3/GLOB/legacy_thumbnail/1062x597/format/jpg/quality/100/https://s.aolcdn.com/os/ab/_cms/2023/03/01120717/Small-SUVS-collage-22823.jpg
67,Penny-arcade.com,nan,12 Hours of Sebring!,Now that my body is handling VR much better I am back into sim racing in a big way. I had been using an ultrawide monitor for my racing display but VR is SO much better! My lap times are more than 5 seconds faster in some cases. That’s huge when winners and l…,Now that my body is handling VR much better I am back into sim racing in a big way. I had been using an ultrawide monitor for my racing display but VR is SO much better! My lap times are more than 5 … [+1628 chars],Very Positive,0,[],[],['VR'],2023-03-20T23:35:00Z,https://www.penny-arcade.com/news/post/2023/03/20/12-hours-of-sebring,https://assets.penny-arcade.com/img/logo_opengraph.jpg
68,MarketWatch,Sabela Ojea,Dow Jones Newswires: ON Semiconductor signs long-term EV supply deal with BMW,ON Semiconductor Corp. has secured a long-term agreement with BMW AG to support the German car-maker's electric vehicles.,"ON Semiconductor Corp. 
 ON,
 -1.94%
has secured a long-term agreement with BMW AG 
 BMW,
 -0.02%
to support the German car-makers electric vehicles.
The semiconductor manufacturing companys E… [+93 chars]",Very Positive,40,[],['German'],"['BMW', 'ON', 'Corp.', 'Semiconductor', 'AG']",2023-03-07T01:09:00Z,https://www.marketwatch.com/story/on-semiconductor-signs-long-term-ev-supply-deal-with-bmw-ce2b3475,https://mw3.wsj.net/mw5/content/logos/mw_logo_social.png
69,AppleInsider,news@appleinsider.com (Nathaniel Pangaro),Wired CarPlay vs. wireless - the pros and cons,"Apple offers a wired and wireless version of CarPlay, and while each version offers a near-identical experience from your iPhone, there are pros and cons to each. Here are the pros and cons of both.Apple's CarPlay has been a feature on iPhone for the past dec…","AppleInsider may earn an affiliate commission on purchases made through links on our site.
Apple offers a wired and wireless version of CarPlay, and while each version offers a near-identical experi… [+12554 chars]",Very Positive,110,['cons'],['pros'],"['Apple', 'CarPlay']",2023-03-02T19:41:01Z,https://appleinsider.com/inside/carplay/vs/wired-carplay-vs-wireless---the-pros-and-cons,https://photos5.appleinsider.com/gallery/53085-106306-IMG_2655-xl.jpg
70,Cheezburger.com,"bradpdickson, bradpdickson",'AITA for not giving my boss my first class seat?': Internet defends worker's decision not to give their boss their personal seat upgrade,"If you haven't heard the word: It's 2023, and we're reinstating the law that entitles your lord to anything you own.
How dare you own something nicer than your boss? From now on, if they want your stuff, they get it…. That 10-year-old BMW you're driving? Han…","If you haven't heard the word: It's 2023, and we're reinstating the law that entitles your lord to anything you own.
How dare you own something nicer than your boss? From now on, if they want your s… [+717 chars]",Very Negative,220,[],[],"['BMW', 'law']",2023-03-07T23:00:00Z,https://cheezburger.com/19595013/aita-for-not-giving-my-boss-my-first-class-seat-internet-defends-workers-decision-not-to-give-their,https://i.chzbgr.com/original/19595013/hFF078034/stories-work-stories-toxic-workplace-manager-toxic-boss-managers-workplace-reddit-19595013
71,CNET,Nick Wolny,The Only Millennial Millionaires Anyone Likes Anymore - CNET,"After hustling to achieve financial independence in their twenties, Rhianna and Jon Schoeller now want to give their daughter the childhood they never had.","Who wants to be a millionaire? These days, just about everyone.
As such, the personal finance advice industry is more crowded than ever before. Aspiring influencers often lead the way with promises … [+10120 chars]",Very Negative,190,[],[],"['Rhianna', 'Schoeller', 'Jon']",2023-03-16T17:59:00Z,https://www.cnet.com/personal-finance/the-schoeller-family/,https://www.cnet.com/a/img/resize/c6e94a42442b79fae0d146b41e1e79bf8a503253/hub/2023/02/14/79570c51-4b25-48bf-9fb3-6f79721c78ee/cash-money-stack-100s-yellowblue-grid.png?auto=webp&fit=crop&height=630&width=1200
72,Yanko Design,Gaurav Sood,BMW CE 04 Vagabund Moto Concept for Gen-Z has storage for hauling a surfboard,BMW CE 04 Vagabund Moto Concept for Gen-Z has storage for hauling a surfboardGraz-based automotive design motorheads at Vagabund Moto like BMW bikes as their preferred choice as the starting point. The custom BMW R nineT and custom...,Graz-based automotive design motorheads at Vagabund Moto like BMW bikes as their preferred choice as the starting point. The custom BMW R nineT and custom BMW R100R created by them gravitated enough … [+2290 chars],Positive,0,[],[],"['BMW', 'CE']",2023-03-03T00:30:39Z,https://www.yankodesign.com/2023/03/02/bmw-ce-04-vagabund-moto-concept-for-gen-z-has-storage-for-hauling-a-surfboard/,https://www.yankodesign.com/images/design_news/2023/03/bmw-ce-04-vagabund-moto-concept-for-gen-z-has-storage-for-hauling-surfboard/BMW-CE-04-Vagabund-Moto-Concept-7.jpg
73,Yanko Design,Sarang Sheth,This BMW Scrambler concept was envisioned in both ICE and E-bike versions,"This BMW Scrambler concept was envisioned in both ICE and E-bike versionsProportionally different from the scramblers we’ve seen in the past, the BMW G7 Scrambler concept has a commanding aesthetic with a Z-shaped frame, a bottom-heavy...","Proportionally different from the scramblers we’ve seen in the past, the BMW G7 Scrambler concept has a commanding aesthetic with a Z-shaped frame, a bottom-heavy design, a cantilever seat, and a hea… [+1441 chars]",Very Positive,0,[],[],"['BMW', 'Ebike', 'ICE', 'Scrambler']",2023-03-16T22:30:39Z,https://www.yankodesign.com/2023/03/16/this-bmw-scrambler-concept-was-envisioned-in-both-ice-and-e-bike-versions/,https://www.yankodesign.com/images/design_news/2023/03/this-bmw-scrambler-concept-was-envisioned-in-both-ice-and-e-bike-versions/bmw_g7_scrambler_1.jpeg
74,Yanko Design,Sarang Sheth,This BMW M1 redesign brings the iconic supercar into the modern age with a cutting-edge aesthetic,"This BMW M1 redesign brings the iconic supercar into the modern age with a cutting-edge aestheticTouted as one of the rarest models BMW has ever built, the M1 is the German marque’s sole supercar dating back to the 70s. It...","Touted as one of the rarest models BMW has ever built, the M1 is the German marque’s sole supercar dating back to the 70s. It hasn’t been recreated since, and BMW pretty much never made a supercar ag… [+2572 chars]",Very Positive,40,[],['German'],['BMW'],2023-03-18T11:40:44Z,https://www.yankodesign.com/2023/03/18/this-bmw-m1-redesign-brings-the-iconic-supercar-into-the-modern-age-with-a-cutting-edge-aesthetic/,https://www.yankodesign.com/images/design_news/2023/03/auto-draft/bmw_m1_1.jpg
75,Yanko Design,Gaurav Sood,Marvel superheros and supervillains get their custom speedsters in this mystic AI-generated universe,Marvel superheros and supervillains get their custom speedsters in this mystic AI-generated universeMidjourney is all over the internet with renders of unrelated stuff created using the platform. Earlier we had the mashup of famous architects and their...,"Midjourney is all over the internet with renders of unrelated stuff created using the platform. Earlier we had the mashup of famous architects and their unique luxury cars, now popular superheroes an… [+1720 chars]",Very Positive,0,[],[],['AIgenerated'],2023-03-19T23:30:07Z,https://www.yankodesign.com/2023/03/19/marvel-superheros-and-supervillains-get-their-custom-speedsters-in-this-mystic-ai-generated-universe/,https://www.yankodesign.com/images/design_news/2023/03/marvel-superheros-and-supervillains-get-their-custom-speedsters-in-this-mystic-ai-generated-universe/Marvel_Spideman_AI_Generated_Car-1.jpg
76,Yanko Design,Sarang Sheth,The Buell brand gets a revival with this gorgeous Cyberpunk electric concept,"The Buell brand gets a revival with this gorgeous Cyberpunk electric conceptMeet the Buell XBE, a fan-made revival of the popular Harley Davidson subsidiary that shut shop in 2009, but never left our hearts. Combining a...","Meet the Buell XBE, a fan-made revival of the popular Harley Davidson subsidiary that shut shop in 2009, but never left our hearts. Combining a little of Buell’s rich automotive legacy with the newly… [+1771 chars]",Very Positive,0,[],[],"['XBE', 'Davidson', 'Buell', 'Harley']",2023-03-13T22:30:21Z,https://www.yankodesign.com/2023/03/13/the-buell-brand-gets-a-revival-with-this-gorgeous-cyberpunk-electric-concept/,https://www.yankodesign.com/images/design_news/2023/03/auto-draft/buell_xbe_1.jpg
77,Windows Central,zacharylboddy@outlook.com (Zachary Boddy),Forza Horizon 5 embraces the darkness with 'Midnights at Horizon' Series update,"Find your dark side in the 'Midnights at Horizon' Series update for Forza Horizon 5, which brings lots of nighttime challenges and events, as well as four new cars.","<ul><li>Forza Horizon 5 is a live service, open-world racing game from Playground Games and Xbox Game Studios.</li><li>On Monday, the studio announced Series 19 ""Midnights at Horizon,"" the next Serie… [+3691 chars]",Very Positive,10,['dark'],[],"['Horizon', 'Forza', '5']",2023-03-27T19:21:12Z,https://www.windowscentral.com/gaming/forza-horizon-5-embraces-the-darkness-with-midnights-at-horizon-series-update,https://cdn.mos.cms.futurecdn.net/3VaEJGX3N9LLaeomc5pZhT-1200-80.jpg
78,Uncrate.com,Uncrate,Barn Find 1972 BMW 3.0 CS,"The E9 coupe helped cement BMW's reputation as ""The Ultimate Driving Machine"". Produced from 1968 to 1975, the E9 formed the basis for the 3.0 CSL ""batmobile"" and dominated the European Touring Car Championship and wild German Deutsche Rennsport Meisterschaft…","Staying cool, calm, and collected is easier said than done. With a variety of high-performance CBD products, evn can help simplify the process. The company offers a range of various formulas, includi… [+618 chars]",Very Positive,100,['wild'],"['German', 'European']","['European', 'Driving', 'Deutsche', 'Meisterschaft', 'Touring', 'BMWs', 'the', 'Rennsport', 'The', 'Car', 'Championship', 'Machine', 'German', 'Ultimate']",2023-03-16T23:00:00Z,https://uncrate.com/barn-find-1972-bmw-30-cs/,https://uncrate.com/p/2023/03/barn-find-bmw-cs-1.jpg
79,Uncrate.com,Uncrate,BMW CE 04 Vagabund Moto Concept,BMW's R nineT and R18 aren't the only canvases awaiting bike builders. Austria's Vagabund Moto CE 04 e-scooter as a base for a custom urban commuter with a healthy dose of style. The earth-tone paint scheme is complimented by functional...,"Between overly-processed brown kibble, canned mystery meat, and a long list of unpronounceable ingredients on labels, finding food that's actually good for your dogs can be challenging. Nom Nom makes… [+671 chars]",Very Negative,190,[],[],"['R18', 'BMWs']",2023-03-02T16:00:00Z,https://uncrate.com/bmw-ce-04-vagabund-moto-concept/,https://uncrate.com/p/2023/03/bmw-ce-04-vagabund-1.jpg
80,Core77.com,Rain Noe,BMW's Panoramic Vision Feature: Does This Really Qualify as a HUD?,"A heads-up display, or HUD, is one of the more useful features I've encountered in modern cars. So I was excited when BMW announced their forthcoming Panoramic Vision feature, which they touted as a ""New head-up display across the entire width of the windscre…","A heads-up display, or HUD, is one of the more useful features I've encountered in modern cars. So I was excited when BMW announced their forthcoming Panoramic Vision feature, which they touted as a … [+1190 chars]",Very Positive,10,['touted'],[],"['BMW', 'Vision', 'HUD']",2023-03-21T14:00:00Z,https://www.core77.com/posts/121538/BMWs-Panoramic-Vision-Feature-Does-This-Really-Qualify-as-a-HUD,https://s3files.core77.com/blog/images/lead_n_spotlight/1376056_lead_400_121538_.jpg
81,Theregister.com,Laura Dobberstein,"No 'decoupling' here: Apple, Samsung, and Qualcomm sing China's praises","First big government expo since COVID sees CEOs galore jet in
Some of Big Tech's top execs have sung China's praises at the 2023 China Development Forum – an annual government-organized event that returned from its COVID hiatus over the weekend.…","Some of Big Tech's top execs have sung China's praises at the 2023 China Development Forum an annual government-organized event that returned from its COVID hiatus over the weekend.
Attendees includ… [+3069 chars]",Very Positive,0,[],[],"['Chinas', 'COVID']",2023-03-27T05:37:58Z,https://www.theregister.com/2023/03/27/china_development_forum/,https://regmedia.co.uk/2022/01/27/china_shutterstock3.jpg
82,MakeUseOf,Rajesh Pandey,Google Pixel March 2023 Feature Drop: 5 New Features Coming to Your Phone,Even older Pixel phones are gaining some useful new features in the March Feature Drop.,Google rolls out quarterly Feature Drops for its Pixel phones with several additions and enhancements alongside the usual security and bug fixes. The March 2023 Feature Drop contains some notable new… [+3578 chars],Very Negative,190,[],[],['Pixel'],2023-03-14T13:50:16Z,https://www.makeuseof.com/pixel-feature-drop-march-2023-new-features/,https://static1.makeuseofimages.com/wordpress/wp-content/uploads/2023/03/charge-other-devices-using-a-pixel-smartphone.jpg
83,MakeUseOf,Geoff Piehl,Every Electric Vehicle That Qualifies for US Tax Credit in 2023,"If you want to ensure that your EV purchase is eligible for the clean vehicle tax credit, we've rounded up all qualifying vehicles.","If you live in the US and buy a new electric vehicle (EV) or plug-in hybrid electric vehicle (PHEV) in 2023, you might be eligible for a federal tax credit of up to $7,500. While the credit existed p… [+10384 chars]",Very Positive,0,[],[],['EV'],2023-03-01T15:00:17Z,https://www.makeuseof.com/electric-vehicles-eligible-tax-credit/,https://static1.makeuseofimages.com/wordpress/wp-content/uploads/2022/03/ev-charging-cable-plug.jpg
84,Phandroid - News for Android,Mike Viray,"Sorry Tesla, the Volkswagen ID. 2all is the Affordable EV Everyone’s been Waiting For","If Tesla continues to hold back on the ""affordable"" EV segment, we just might see a new EV champion in the next few years.","Electric Vehicles (EVs for short) have seen a significant rise in popularity over the past few years, due to a variety of different factors including rising fuel costs, integration of convenient smar… [+4247 chars]",Neutral,0,[],[],"['Tesla', 'EV']",2023-03-20T17:21:25Z,https://phandroid.com/2023/03/20/sorry-tesla-the-volkswagen-id-2all-is-the-affordable-ev-everyones-been-waiting-for/,nan
85,Jalopnik,Owen Bellwood,BMW's M Division Will Work its Magic on the All-Electric 5-Series,"For 45 years, the BMW M car has been the go-to for anyone wanting a fun but practical daily driver. Now, as the world prepares to switch to a battery-powered future, the M division has yet to show its full hand. But that might be about to change, as BMW has c…","For 45 years, the BMW M car has been the go-to for anyone wanting a fun but practical daily driver. Now, as the world prepares to switch to a battery-powered future, the M division has yet to show it… [+2664 chars]",Very Positive,0,[],[],"['BMW', 'M']",2023-03-16T16:40:00Z,https://jalopnik.com/bmw-m-will-make-a-performance-all-electric-5-series-1850232370,"https://i.kinja-img.com/gawker-media/image/upload/c_fill,f_auto,fl_progressive,g_center,h_675,pg_1,q_80,w_1200/51f5bd83d1d0f3fa7cda7936af3bd7c9.jpg"
86,Jalopnik,Rob Emslie,"At $5,200, Is This 1985 BMW 535i a Credible Classic?",The reason given for the sale of today’s Nice Price or No Dice BMW E28 is a lack of space following the purchase of a new truck. Let’s see if this old-school Bimmer is priced well enough for someone to start planning it a new space.Read more...,The reason given for the sale of todays Nice Price or No Dice BMW E28 is a lack of space following the purchase of a new truck. Lets see if this old-school Bimmer is priced well enough for someone to… [+3739 chars],Very Positive,10,['lack'],[],['Bimmer'],2023-03-06T14:00:00Z,https://jalopnik.com/at-5-200-is-this-1985-bmw-535i-a-credible-classic-1850183626,"https://i.kinja-img.com/gawker-media/image/upload/c_fill,f_auto,fl_progressive,g_center,h_675,pg_1,q_80,w_1200/45aced910551c338570c96d7ec88c958.jpg"
87,Jalopnik,Bob Sorokanich,America's Nasty Diesel Fuel Keeps Ruining Bosch Fuel Pumps,"The National Highway Traffic Safety Administration (NHTSA) is upgrading its ongoing investigation into a rash of failures of high-pressure fuel pumps affecting diesel-powered Ram, Jeep and BMW vehicles. Nearly 500,000 vehicles could be affected, and so far, t…","The National Highway Traffic Safety Administration (NHTSA) is upgrading its ongoing investigation into a rash of failures of high-pressure fuel pumps affecting diesel-powered Ram, Jeep and BMW vehicl… [+3233 chars]",Very Negative,240,"['failures', 'rash']",[],"['Traffic', 'BMW', 'Highway', 'Safety', 'Jeep', 'The', 'investigation', 'Ram', 'National', 'Administration']",2023-03-23T15:30:00Z,https://jalopnik.com/diesel-fuel-pump-failure-ram-jeep-bmw-bosch-nhtsa-probe-1850256303,"https://i.kinja-img.com/gawker-media/image/upload/c_fill,f_auto,fl_progressive,g_center,h_675,pg_1,q_80,w_1200/b5c5f633f6e49038a0e0cc3fc6b83b70.jpg"
88,Jalopnik,Collin Woodard,The Genesis GV70 Is Selling for 28 Percent Over MSRP,"If you’re in the market for a luxury crossover, the Genesis GV70 is a tempting choice. It’s ridiculously good-looking, can be had with a 375-hp V6, has a gorgeous cabin and comes with a 10-year powertrain warranty. With a base price below $45,000, it’s a barg…","If youre in the market for a luxury crossover, the Genesis GV70 is a tempting choice. Its ridiculously good-looking, can be had with a 375-hp V6, has a gorgeous cabin and comes with a 10-year powertr… [+1923 chars]",Very Negative,200,['ridiculously'],[],['Genesis'],2023-03-11T01:00:00Z,https://jalopnik.com/genesis-gv70-crossover-selling-28-percent-over-msrp-1850213396,"https://i.kinja-img.com/gawker-media/image/upload/c_fill,f_auto,fl_progressive,g_center,h_675,pg_1,q_80,w_1200/d6bcba3381728df10c50b3f1286482de.jpg"
89,Jalopnik,Lawrence Hodge,"The 2023 BMW M3 Is the Last Manual Car I’ll Ever Drive, And it's All My Knees' Fault","I’m sad to report that my manual driving days are over. I thought I could still hang, but nope, I can’t do it anymore. A combination of dealing with Osgood-Schlatter disease plus old football injuries means my knee cartilage is long past wearing thin. But wha…","Im sad to report that my manual driving days are over. I thought I could still hang, but nope, I cant do it anymore. A combination of dealing with Osgood-Schlatter disease plus old football injuries … [+3958 chars]",Very Negative,260,"['sad', 'hang']",['disease'],['OsgoodSchlatter'],2023-03-16T14:30:00Z,https://jalopnik.com/2023-bmw-m3-manual-bad-knees-cant-drive-stick-shift-1850182675,"https://i.kinja-img.com/gawker-media/image/upload/c_fill,f_auto,fl_progressive,g_center,h_675,pg_1,q_80,w_1200/c8478aec36e2c84a7dff6e49d94e6583.jpg"
90,Jalopnik,Erik Shilling,Tesla Is on Its Way to Being America's Luxury King Again,"The U.S. Department of Energy thinks that a Tesla Model 3 is a luxury sedan even if you and I don’t, classifying it as such on FuelEconomy.gov, and grouping it in with every other luxury marque you’ve heard of. Which means we also must accept a still new-ish …","The U.S. Department of Energy thinks that a Tesla Model 3 is a luxury sedan even if you and I dont, classifying it as such on FuelEconomy.gov, and grouping it in with every other luxury marque youve … [+2005 chars]",Very Positive,0,[],[],"['U.', 'of', 'Department', 'The', 'Energy', 'S.']",2023-03-15T21:30:00Z,https://jalopnik.com/tesla-is-on-its-way-to-being-americas-luxury-king-again-1850229720,"https://i.kinja-img.com/gawker-media/image/upload/c_fill,f_auto,fl_progressive,g_center,h_675,pg_1,q_80,w_1200/3419dc006c49c918faeb7f1f5ea45624.jpg"
91,Jalopnik,Elizabeth Blackstock,I Hit 170 MPH On the Back of a Motorcycle at COTA and it Dismantled My Perception of Life,"I’ve never so much as sat on a motorcycle in my entire life. It’s been over a decade since I rode a bicycle. So when MotoGP and the Circuit of the Americas asked if I’d be interested in doing “backpack laps,” riding on the back of a crotch-rocket while a prof…",Ive never so much as sat on a motorcycle in my entire life. Its been over a decade since I rode a bicycle. So when MotoGP and the Circuit of the Americas asked if Id be interested in doing backpack l… [+13197 chars],Very Positive,0,[],[],"['Americas', 'of', 'the', 'Circuit']",2023-03-09T19:00:00Z,https://jalopnik.com/bmw-s-1000-rr-backpack-laps-moto-gp-cota-1850206897,"https://i.kinja-img.com/gawker-media/image/upload/c_fill,f_auto,fl_progressive,g_center,h_675,pg_1,q_80,w_1200/1938f295a08a3b9a0f32d138969d2733.png"
92,Jalopnik,Kyle Hyatt,This Feral Engineer Is Building an Off-Road Rally Dodge Viper,"Safari-style car builds are super popular right now. You take a cool car, often a sports car, and then you lift it by a couple of inches and toss some chunky tires and a roof basket on. Maybe some rally lights, too, if you’re feeling spicy. Of course, there’s…","Safari-style car builds are super popular right now. You take a cool car, often a sports car, and then you lift it by a couple of inches and toss some chunky tires and a roof basket on. Maybe some ra… [+1515 chars]",Very Positive,30,['chunky'],[],"['Safaristyle', 'right']",2023-03-10T15:00:00Z,https://jalopnik.com/this-feral-engineer-is-building-an-off-road-rally-dodge-1850211128,"https://i.kinja-img.com/gawker-media/image/upload/c_fill,f_auto,fl_progressive,g_center,h_675,pg_1,q_80,w_1200/40b4714912a246a75cf6e1447a498757.png"
93,Jalopnik,Rob Emslie,"At $15,500, Could This 2014 Honda Civic Si Make You Feel Civic-Minded?","The current Honda Civic Si is one of the best cars on the market today. It’s also hella expensive, which is why cars like today’s Nice Price or No Dice 2014 edition might look contrastingly appealing. Let’s see just how appealing this last-gen edition is.Read…","The current Honda Civic Si is one of the best cars on the market today. Its also hella expensive, which is why cars like todays Nice Price or No Dice 2014 edition might look contrastingly appealing. … [+3820 chars]",Very Negative,200,['expensive'],[],"['Honda', 'Civic', 'Si']",2023-03-07T14:00:00Z,https://jalopnik.com/at-15-500-is-this-2014-honda-civic-si-a-good-deal-1850192014,"https://i.kinja-img.com/gawker-media/image/upload/c_fill,f_auto,fl_progressive,g_center,h_675,pg_1,q_80,w_1200/02c0a398d3ed76e8502fa4c32e4afbf8.jpg"
94,Jalopnik,Kyle Hyatt,The 2023 Porsche 718 Cayman GTS 4.0 Is the Sports Car Platonic Ideal,"If you’ve read any of my work, you probably know that I’m Jalopnik’s biggest Porsche 911 fanboy. I love them. When everyone says, “Miata is always the answer,” I say nope and point to a 911 because it can do everything better – which it should, since it’s way…","If youve read anyof mywork, you probably know that Im Jalopniks biggest Porsche 911 fanboy. I love them. When everyone says, Miata is always the answer, I say nope and point to a 911 because it can d… [+7244 chars]",Very Positive,20,[],[],"['Jalopniks', 'answer', 'Miata']",2023-02-27T15:00:00Z,https://jalopnik.com/2023-porsche-718-cayman-gts-4-0-the-jalopnik-review-1850158359,"https://i.kinja-img.com/gawker-media/image/upload/c_fill,f_auto,fl_progressive,g_center,h_675,pg_1,q_80,w_1200/ec82738bcb6d6c0f39b913b84c53b624.jpg"
95,Jalopnik,Tom McParland,I Want to Replace My Old Boxster With Something More Modern! What Car Should I Buy?,"Jansen got an old Boxster on the cheap, and while the Porsche has given him a lot of smiles per dollar it’s starting to become more of a chore. He wants to replace it with something more up-to-date but still awesome enough to throw down some good lap times. W…","Jansen got an old Boxster on the cheap, and while the Porsche has given him a lot of smiles per dollar its starting to become more of a chore. He wants to replace it with something more up-to-date bu… [+6946 chars]",Very Positive,20,"['cheap', 'chore']",[],"['Jansen', 'Boxster', 'Porsche']",2023-03-09T18:30:00Z,https://jalopnik.com/i-want-to-replace-my-old-boxster-with-something-more-mo-1850206863,"https://i.kinja-img.com/gawker-media/image/upload/c_fill,f_auto,fl_progressive,g_center,h_675,pg_1,q_80,w_1200/72eddf0374050790e226b707aa682ead.jpg"
96,Jalopnik,Andy Kalmowitz,Buy This 27-Liter V12-Powered Shooting Brake and Feel Superior to Everybody,"Do you ever feel like your car is lacking? Lacking in power? Lacking in size? Lacking in engine displacement? Lacking in rarity? Well, here’s your chance to change all that. Auction site Car & Classic is getting ready to offer up the one –the only – The Beast…","Do you ever feel like your car is lacking? Lacking in power? Lacking in size? Lacking in engine displacement? Lacking in rarity? Well, heres your chance to change all that. Auction site Car &amp; Cla… [+2818 chars]",Very Positive,90,"['lacking', 'Lacking']",['Beast'],['Lacking'],2023-03-02T21:00:00Z,https://jalopnik.com/buy-this-27-liter-v12-powered-shooting-brake-and-feel-s-1850178909,"https://i.kinja-img.com/gawker-media/image/upload/c_fill,f_auto,fl_progressive,g_center,h_675,pg_1,q_80,w_1200/0338fa1e416fed9ea99a12fb6fcd58d6.jpg"
97,Jalopnik,Owen Bellwood,Volvo Isn’t Considering Locking the EX90’s Best Features Behind Subscriptions... Yet,"It’s a big year for Swedish automaker Volvo as it’s preparing to roll out its new flagship SUV, which for the first time will be all-electric. The EX90 was first unveiled at the end of 2022 and Volvo has been sharing more and more details about the new car ah…","Its a big year for Swedish automaker Volvo as its preparing to roll out its new flagship SUV, which for the first time will be all-electric. The EX90 was first unveiled at the end of 2022 and Volvo h… [+3353 chars]",Neutral,0,[],[],['Volvo'],2023-03-09T20:00:00Z,https://jalopnik.com/volvo-ex90-electric-luxury-suv-subscription-features-1850207983,"https://i.kinja-img.com/gawker-media/image/upload/c_fill,f_auto,fl_progressive,g_center,h_675,pg_1,q_80,w_1200/fa00c382098e52917764b5613012edf5.jpg"
98,Jalopnik,Rob Emslie,"At $16,500, Is This 1965 Chevy Corvair Monza Safely a Deal?","Chevy’s second take on the Corvair turned out to be one of the most stunning cars the ‘60s had to offer. Today’s Nice Price or No Dice Chevrolet Monza, adds some additional pizzazz. Will its price prove just as compelling?Read more...","Chevys second take on the Corvair turned out to be one of the most stunning cars the 60s had to offer. Todays Nice Price or No Dice Chevrolet Monza, adds some additional pizzazz. Will its price prove… [+4848 chars]",Very Positive,0,[],[],"['Corvair', 'Chevys']",2023-03-28T13:00:00Z,https://jalopnik.com/at-16-500-is-this-1965-chevy-corvair-safely-a-deal-1850268110,"https://i.kinja-img.com/gawker-media/image/upload/c_fill,f_auto,fl_progressive,g_center,h_675,pg_1,q_80,w_1200/215f60a67263889924041878a6f42ecd.jpg"
99,Jalopnik,Tim Stevens,America's Best Citroën Mechanic Wants You to Take Over His Shop,Dave Burnham is desperate to retire. One of America’s best Citroën mechanics and restorers — perhaps the best when it comes to the byzantine hydraulic systems used on models like the Traction Avant and the DS — Burnham has built his reputation through 40 year…,Dave Burnham is desperate to retire. One of Americas best Citroën mechanics and restorers perhaps the best when it comes to the byzantine hydraulic systems used on models like the Traction Avant and … [+9151 chars],Very Positive,20,"['desperate', 'byzantine']",[],"['Citron', 'the', 'Avant', 'Traction', 'Burnham', 'DS', 'Dave']",2023-03-27T13:30:00Z,https://jalopnik.com/dave-burnham-best-citroen-mechanic-giving-away-his-shop-1850241709,"https://i.kinja-img.com/gawker-media/image/upload/c_fill,f_auto,fl_progressive,g_center,h_675,pg_1,q_80,w_1200/047bbcce67b19cf6667f233ff5f40d55.jpg"
